Username,Password,isAdmin,FirstName,LastName,email
jbutty,$2b$10$CBrCdKKc.zoI/qvP8X.REONmIWmSd8VRXrhTuGPgWPJBd/9WV65t6,0,James,Butt,jbutt@gmail.com
josephinedarakjyv,$2b$10$BgnefMNyZ6eOdBdiSjLZ8.8nSbafcYC3ymOu6H8tcA0DQUMvJCfIy,0,Josephine,Darakjy,josephine_darakjy@darakjy.org
arto,$2b$10$XesyK/taAhuyy3jJ1ur.DewYsCOllRDUnjbTfmfj8093vxt2EkXVe,0,Art,Venere,art@venere.org
lpaprockik,$2b$10$qVPsyvRewGk.vhAwYk9ksu/7uu/gUYgbvyozva5idNTIhxLk7DTTy,0,Lenna,Paprocki,lpaprocki@hotmail.com
donettefoller5,$2b$10$yFNsaB.5bGYm0qXGz93rcu5yC6t4sdjbZORXWvuiwujcME9ud9SMK,0,Donette,Foller,donette.foller@cox.net
simona6,$2b$10$VUxEbM6E.daYTISVi.OhSeUrcuwP9Ho8aikmsJzara/9YCioUylMG,0,Simona,Morasca,simona@morasca.com
mitsuetollnery,$2b$10$g9SWkBT3GQ.Uf0OOQFiScOwOgy3f0K/fBoU2AMmRTqQnXap6kh61O,0,Mitsue,Tollner,mitsue_tollner@yahoo.com
leotaK,$2b$10$kuSziAh7EtXvdPtDR1DI9eJuXfDYLGI29QzlX7eWHF36VBr7J4.RO,0,Leota,Dilliard,leota@hotmail.com
sagewieser5,$2b$10$P1pfxuqM45uefMlrUBjxCuhVHiP.W9S6W4LJeCsh8S.ydlDU/dsEq,0,Sage,Wieser,sage_wieser@cox.net
krisS,$2b$10$HalPghCrnEYUIJViACnHEOWlsFv9QnvVz.dw.iPf.JQc0N8hhWy5C,0,Kris,Marrier,kris@gmail.com
minnaamigons,$2b$10$pNQPJ93yV5pH5tmjGbeb1euhIDFG8jEI51JCmQUBrAz1630DNnWny,0,Minna,Amigon,minna_amigon@yahoo.com
amacleadJ,$2b$10$VnbTlvBN/gIu.1Wm9vFTjeK/0R805BQoS0.px7BN0Yt2Tsl9g8Ycq,0,Abel,Maclead,amaclead@gmail.com
kileycaldarerar,$2b$10$ucls.F.olclDBJhyEBIMxu0GIFP0zIEEcWBCSGHVfoO6zW.kfq682,0,Kiley,Caldarera,kiley.caldarera@aol.com
grutay,$2b$10$wVHt1w.qpK9v8k/Ckd3mCuukCLFBrC9nRZbgXn394aoPVrZSjLfEC,0,Graciela,Ruta,gruta@cox.net
calbares2,$2b$10$ba8WclKNg1sN6m1ymd0lye/vc0SAC0.M7t5xYabAqTVQFVXZlc2sa,0,Cammy,Albares,calbares@gmail.com
mattieU,$2b$10$z/LyXnEb5W11t8yvUGmoBe7fhxZQ46IbLKEsTznETkWmRvP13Tjlq,0,Mattie,Poquette,mattie@aol.com
meaghanW,$2b$10$5tQzs6nAShGeSyyLJpW0GeHhYBAMMS3/M3iFbDzq2K3BHkddzTgoi,0,Meaghan,Garufi,meaghan@hotmail.com
gladysrimK,$2b$10$Ft2PYnW9Vkf/8W9CP6VqdOOqZfJZuMTFxLEPHZdZglYMreYE3qtG6,0,Gladys,Rim,gladys.rim@rim.org
yukiwhobreya,$2b$10$PAVz4cE29KV5Scjq2BfmbeVkaFG11jX8GZ.bJEV5z5f8MQ6EFi67q,0,Yuki,Whobrey,yuki_whobrey@aol.com
fletcherflosiX,$2b$10$gkOgSq8/bwaFT9TanY6ru.lQTXb9mALTZlgrBTUG695FDySZSuGEO,0,Fletcher,Flosi,fletcher.flosi@yahoo.com
bettenickap,$2b$10$7/YsWHck3I6i3tkE/xfspu.Zsai5fhShr901cv1ePpjkberjvfiUK,0,Bette,Nicka,bette_nicka@cox.net
vinouyeQ,$2b$10$rSAPHqWhSSJ7euJKRYFqyeZyfoTtM9m1w8i4NP49pOFR9xyk8oDKO,0,Veronika,Inouye,vinouye@aol.com
willard1,$2b$10$xwSvzm1QMEg3e0Y.dfmcAOBvgTGvGTCXZRPDf9sn34Xp6KOrbkiaS,0,Willard,Kolmetz,willard@hotmail.com
mroysterb,$2b$10$uzA.QA4NScgQWZruBE7k0OrUFFnNXq5Q1pjcPrC6sEZKPF95yWhXi,0,Maryann,Royster,mroyster@royster.com
alishaC,$2b$10$RvFlE/kAnUZHYdct6iQR3Ov6tyhb1bfsrTtia/.xZ2HUHIE8tli/G,0,Alisha,Slusarski,alisha@slusarski.com
alleneiturbide8,$2b$10$A31DV/Tk7W28aLMlXP8R0OI0/3WFbU2NhRxYYPyR1FeTOQ67Vra8O,0,Allene,Iturbide,allene_iturbide@cox.net
chanelcaudyj,$2b$10$WhDz5I67Ukjs.9v7tWRQTe4v48IngeTNMsDVERnAMTKv9InObwUKq,0,Chanel,Caudy,chanel.caudy@caudy.org
ezekielj,$2b$10$FNKPDUgPKQ5mgGFUjVOJNOj3n4tftTLQkBcjm0Dh0AxxNpuPDjYPq,0,Ezekiel,Chui,ezekiel@chui.com
wkuskoU,$2b$10$HS/BG5EaJx54FFyeil4KheQTvCNSDIPn4eFdGV9YX9zg6GDr4bgZm,0,Willow,Kusko,wkusko@yahoo.com
bfigeroau,$2b$10$fErzff0VLRGv9QnDNqAcRuzdTWjDo82STUcbRDXgaM.qQOMrx8MYK,0,Bernardo,Figeroa,bfigeroa@aol.com
ammiek,$2b$10$nVypDhnE7mDnM2/x5uINLuNqR7RemNt55DRH.xc1PZtKekFzHyBhG,0,Ammie,Corrio,ammie@corrio.com
francinevocelkaq,$2b$10$VRTQHQjp7JhzbDb4.1WkQedsuixaapZJWw.HCkJWHqDEMHWqwu68W,0,Francine,Vocelka,francine_vocelka@vocelka.com
erniestensethP,$2b$10$nxCCKrtEBeeB/7mqg8yV4.rpJsxl5bqxvfed01aZCZla/qpWk6Fui,0,Ernie,Stenseth,ernie_stenseth@aol.com
albinaS,$2b$10$Z9u2uZwcW4w2v/KWwH9Np.HdZ5.oSeVP7kmwwj2GAv2q4G0ts/aku,0,Albina,Glick,albina@glick.com
asergiN,$2b$10$iGxroKzG6dBnZxqmrV.RnOKIZYv4JKO2aGQZ5wPpIsiYK6YbNpfli,0,Alishia,Sergi,asergi@gmail.com
solangeL,$2b$10$0Jed/1VSeUm8mmPzc02c2eQUjuUfALGhXpl5MR5Jj3H1npTSfeKMu,0,Solange,Shinko,solange@shinko.com
josed,$2b$10$BWtW3Dzg4gNPHc0EdaKvLOENoWRr3KMq0YXMOzMpbxSV1PRHrtWey,0,Jose,Stockham,jose@yahoo.com
rozellaostroskyh,$2b$10$/t5Zjhg5LhmwDobcqzCw1eKKC9R2LbPiJi4NOB9wNnr3zFKt3/mDm,0,Rozella,Ostrosky,rozella.ostrosky@ostrosky.com
valentinegillianY,$2b$10$86wQFO/tAxwefhgTVJ4Pl.ZmT/mKpc6zq1ZZ5vtotQpWxH8UXZuo.,0,Valentine,Gillian,valentine_gillian@gmail.com
katirulapaughL,$2b$10$jcOd9VmLaZan1Q9A7nkWYORFW4lZ.DK6OQ2weumuvcwQBWgsQT6Su,0,Kati,Rulapaugh,kati.rulapaugh@hotmail.com
youlandac,$2b$10$/kRlohTmtxZJi8M8wrre2OYyAIsU8iCE96kaq0bQ0zZpzrP1aWd6q,0,Youlanda,Schemmer,youlanda@aol.com
doldroydB,$2b$10$4qZKDftoCXQl.3KHsj2m6OeYI8D/j/.iLltRsu.0jupEMjCkIQ//i,0,Dyan,Oldroyd,doldroyd@aol.com
roxane3,$2b$10$INXitLqaNkszWQtXieOTWeaDh.Lnz0bBs0nsBzDbgCkChotqC.cWO,0,Roxane,Campain,roxane@hotmail.com
lperins,$2b$10$IGxk5q9QrH9BQypUHpnXSO4dmaJmpd96VIKzGjEM4t2ijLqYcnM5a,0,Lavera,Perin,lperin@perin.org
erickferencz1,$2b$10$dO2sTW3eFGy.ZoHEpHtM/e6QFX6iGDNm/HwGvk6S.fJhGi/sIZ0dW,0,Erick,Ferencz,erick.ferencz@aol.com
fsaylorsV,$2b$10$DiEa8gVoGK22bsUVcVxCS.DBjQyKP1kPILifqIGUGnIfDY8KKZH.u,0,Fatima,Saylors,fsaylors@saylors.org
jinabriddickn,$2b$10$xrrPLNX1LUVO0zssmsqQyuFwGfwTtJcOIHkTMwmuUJ7u9vdm44A8i,0,Jina,Briddick,jina_briddick@briddick.com
kanishawaycotte,$2b$10$WgmPan6hO.467zk7e1NVQ.DBAUxtsUNdeWt4E9D9GvFScP1Eoqypu,0,Kanisha,Waycott,kanisha_waycott@yahoo.com
emersonbowleyU,$2b$10$p0WDkHbp8EMyHflfB6kGluaFGxV1hGW6CgpeNQpwTtO3QDxIZAs92,0,Emerson,Bowley,emerson.bowley@bowley.org
bmaletx,$2b$10$ldkpxPSxbfFiDkHg4zdt3OGYnrcSGq5xFpRM7yFLrZE753b1YTgVa,0,Blair,Malet,bmalet@yahoo.com
bbologniaU,$2b$10$YIAVwHnrsaskaY.OmR4B8OlRQMuqGEA1.7Ebxs9krLQ/vVMaWF5sO,0,Brock,Bolognia,bbolognia@yahoo.com
lnestleE,$2b$10$7up4n3zz.pI2CaCEd7.aou9p4X0cBnTe.1NzgeU9nO3XRRz2hzEhe,0,Lorrie,Nestle,lnestle@hotmail.com
sabrai,$2b$10$SegbVhA9KOJElYDDYG5jcedSafeXoduC7mH/GPix8Lq3v0DcKwgxS,0,Sabra,Uyetake,sabra@uyetake.org
mmastellaJ,$2b$10$JoMWT9WdEFiJmzbOM6l7kegX20CwYaF67lG6UQQYKReehYShrTocO,0,Marjory,Mastella,mmastella@mastella.com
karlklonowskiQ,$2b$10$Tjc5RFsAokEl2B2TSv9UN.iCchqNL8NqcVSmVWWqQ93z0CI2l0rJS,0,Karl,Klonowski,karl_klonowski@yahoo.com
twennerb,$2b$10$gWIOMYOhZC5sOtlIWs2HRO.YzG1O1fJGdXeO7SzIFwlatZbs0AXCW,0,Tonette,Wenner,twenner@aol.com
ambermonarrezh,$2b$10$rOv2SUSo1i6RUhBCvj/H7e1vkDQvQeV8Va7tI1Reje3o9rONgJq.q,0,Amber,Monarrez,amber_monarrez@monarrez.org
shenikag,$2b$10$aihf8u9xTtNApKyDYOkwVuqLN1EF2CjPlGB0RwwonVzSxAwumIi7.,0,Shenika,Seewald,shenika@gmail.com
delmyahle6,$2b$10$YkGl49F0/iNRGNETzVXKPui6Tt6Xb22PjRHsWpPMlHiW88DlZF7Am,0,Delmy,Ahle,delmy.ahle@hotmail.com
deeannajuhasj,$2b$10$obeT/IzcoeE4ETS4Ka5lO.gUDhjzwVUAgiI1fshQgdownxHEkj4Ty,0,Deeanna,Juhas,deeanna_juhas@gmail.com
bpughS,$2b$10$5R8VPZmjT6aR8WGEaGjVEOhYGo1WfmuEm9dVFB390RmsKJWOwvtZm,0,Blondell,Pugh,bpugh@aol.com
jamal5,$2b$10$UecSF0t/j98bF8K1DP8Nm.4WGY24qiJCVsbyCo0SF4jhHIRh.w.Qu,0,Jamal,Vanausdal,jamal@vanausdal.org
cecilyl,$2b$10$46P0CuFcArFNNgRRnG3dleXNzY1rW28SFrBsPnMkt2wumRD/RagG6,0,Cecily,Hollack,cecily@hollack.org
carmelinalindalld,$2b$10$s0/XsFRZa1VoJHLxWy24P.TwXbvZMhepeXnR7pr/5ipaUiioMJDZ.,0,Carmelina,Lindall,carmelina_lindall@lindall.com
maurineyglesiasr,$2b$10$bwR2X8yKUp45hhoDpugt4u9TwCdOIvMeBqblwtFLAtlzNhZvwOT2m,0,Maurine,Yglesias,maurine_yglesias@yglesias.com
tawnau,$2b$10$xLy7RJefkTIsZUT8y4XEvejKRVYvsgTt8uZHLN9WtFdS1pOY8qenm,0,Tawna,Buvens,tawna@gmail.com
penneyweighto,$2b$10$m9oiusBq7HyTyLYjEuePQ.bRbL1bap0LLYBy/PTYtHoB.OhZ8zy.y,0,Penney,Weight,penney_weight@aol.com
ellymoroccoN,$2b$10$HDipKgknjLWdbQzyXdIAJumNKpaef.CycKdsGTeDxNAvFTvX9048a,0,Elly,Morocco,elly_morocco@gmail.com
ileneeromanb,$2b$10$SLRBzY0yCrjokL9Us9ud1utsMUcKTaM1uOZ42AWVatzOQ.Z8iK1I6,0,Ilene,Eroman,ilene.eroman@hotmail.com
vmondellaM,$2b$10$5UpLlfFK1o/ak1DQSC51veqQZo4JO2Dji7j83kT2ZBaoJdROmJUlC,0,Vallie,Mondella,vmondella@mondella.com
kallieblackwoodK,$2b$10$yD.G3eyRdxibCTpRfb8lY.t.PH34xBoUVm7SBUTLvVuQTmAf4.h2u,0,Kallie,Blackwood,kallie.blackwood@gmail.com
johnettaabdallahl,$2b$10$8pv5xnP7UM9wmVRmPe1GFeutlu/fvteE8wrZTnTQ.gLxZHL0T/DEa,0,Johnetta,Abdallah,johnetta_abdallah@aol.com
brhymB,$2b$10$48gQpOfCLOLOtLNZZa93ZumiPPu2CQ4UH9q7hMZleVARVazy8MfDu,0,Bobbye,Rhym,brhym@rhym.com
micaelarhymes4,$2b$10$kf.qXvQeKakh3eo49k2FiOU/vNlTG4iWuY2/4uRexmYM5uNE7T.Ne,0,Micaela,Rhymes,micaela_rhymes@gmail.com
tamarY,$2b$10$77/uGZAuAYx8xjyp9x3h2OAC.AOSyCob3DTz4QiYgeD8qLZkWTAJq,0,Tamar,Hoogland,tamar@hotmail.com
moon2,$2b$10$9GTkKPtN.OTXal8uydNm9etmTyMRWbtZTaa8qqZXL4x296dWrnkPy,0,Moon,Parlato,moon@yahoo.com
laurelreitlerd,$2b$10$c48ookpiPgEhbg59EVxvs.f.oEkWExpvn86wh511aYfFWLxs/4gE2,0,Laurel,Reitler,laurel_reitler@reitler.com
delisacrupit,$2b$10$fJHD5Dn5wTJJ9sVCh.5GWe75pb5x6gphCz2YblGwEYGbP8DIS3Vve,0,Delisa,Crupi,delisa.crupi@crupi.com
vivatoelkesz,$2b$10$/6v9roVc8267VlbdklyeIOCBAumfWO9QsJ3.3GC31kiMoFjF1tZsy,0,Viva,Toelkes,viva.toelkes@gmail.com
elzaj,$2b$10$qZnllXntKHbNaKVFetIgO.aB8DFYb54i817ZPNGP/7GeGkc2fAeAy,0,Elza,Lipke,elza@yahoo.com
devorahg,$2b$10$rg.rwecmaIkwRPWLpXOPfui3vh7G.jrtFaiNavn1sG52rmfwzY19G,0,Devorah,Chickering,devorah@hotmail.com
timothymulqueenQ,$2b$10$XL.XdBf7V0ODla0fgazPGODwJ/RGYIAwwbDgRV.tekU5eZQCp6y4O,0,Timothy,Mulqueen,timothy_mulqueen@mulqueen.org
ahoneywellf,$2b$10$ePqGKJof4oFXddlqMC88cO6YRHIqpAg0i/vz45WFhFYiwFUbYfx72,0,Arlette,Honeywell,ahoneywell@honeywell.com
dominquedickersonA,$2b$10$1H2397bqSwzgwBMVD3H7oO1or3mXg0i4ms1Hw.uQzzDv5qqFdKbqO,0,Dominque,Dickerson,dominque.dickerson@dickerson.org
lettieisenhowerb,$2b$10$1mDdsum2JB28wy8UTlrLie09soqofzcMTj5CWPcrzsgePwxJLHqAq,0,Lettie,Isenhower,lettie_isenhower@yahoo.com
mmunnsQ,$2b$10$Gn8yX/NXBEzXLUpS9A/9N.2iQPHNx8q0T.2OfSUl3j8aBqPNy366q,0,Myra,Munns,mmunns@cox.net
stephaineQ,$2b$10$ySEZKEOJOlxwMSGtlEoR7OnEI1koCVE0MG/LqiOQfe1l/evzRTxpe,0,Stephaine,Barfield,stephaine@barfield.com
laigatoF,$2b$10$INppYBaF3FhsLUfb/XgHLOnksn1J66285cg1xEI20PYQQfW7pTrmi,0,Lai,Gato,lai.gato@gato.org
stephenemigh3,$2b$10$pfb2CWquQRjSzC/WeLeSP.En572SJwox1ZI2rAnSOeVFnpWaZ9k8C,0,Stephen,Emigh,stephen_emigh@hotmail.com
tshieldsz,$2b$10$3aBtkmUBx8aZFmwQQB.Wueol5a6WpUS4/kbVvC2ua3nAlIOWswW12,0,Tyra,Shields,tshields@gmail.com
twardripo,$2b$10$PCO601iV7/a3JX4./sf5pOQXElxmk9N3fkJTQn3V615SmcnsSlu5q,0,Tammara,Wardrip,twardrip@cox.net
corygibesb,$2b$10$rUGiBMWZF/MYRK583yklCefSVxLHcBjtb2r4LkUl8waeQN/trO4OG,0,Cory,Gibes,cory.gibes@gmail.com
danicabruschkef,$2b$10$68xqHUrTO6imFcg./d2bIONHWfoEqhq93UHDr9GKZHz7XXjVdZhHy,0,Danica,Bruschke,danica_bruschke@gmail.com
wildai,$2b$10$SMu84LhM1rWcoy8E7doSr.6WKf5mQOvctuhm5ZLjgGSxnJ827uq0e,0,Wilda,Giguere,wilda@cox.net
elverabenimadhoe,$2b$10$MCq9CizgQNM7YPkTVnEI3.2/LGUI43tnB2J1wCH8o4A.dY1IMmWEa,0,Elvera,Benimadho,elvera.benimadho@cox.net
carmaD,$2b$10$etnDzXHMeoK3BT.BqOyuQetz032UYY1kZVLT5qnHoMsaRIk9cq1pm,0,Carma,Vanheusen,carma@cox.net
malindahochard8,$2b$10$3KJ4oMtBTyR2p83O6YYCHOtp3Dklg5gj0egGu9A/QWJXJtPZ3Kx6e,0,Malinda,Hochard,malinda.hochard@yahoo.com
nataliefernU,$2b$10$WebTtgxx//1AaORdjD7uuuRCdRs8XD1EwMCTJ5Sd.o/3n6mQreuLK,0,Natalie,Fern,natalie.fern@hotmail.com
lishaz,$2b$10$RDuQ.TKDtWxYtFtmPhn68eW3tFjzWZBLAVBjg5WS8FhgYbARNws6a,0,Lisha,Centini,lisha@centini.org
arleneklusmanB,$2b$10$BWluQh5TGkFdT0.tR.TxF.hBKfSf9ChHUfmiXXt91U..JWKQTJjRi,0,Arlene,Klusman,arlene_klusman@gmail.com
aleaseI,$2b$10$TKMOutBjUk/MyDaeNr8kuuJ4gZrewTn2N/Y8rw8tAR7NaFdyG1bFy,0,Alease,Buemi,alease@buemi.com
louisaV,$2b$10$7tXXKe6qNz5iBsrCBvqUCOrVzbDaEnEguGPT0vnPJ1Xj9qaW5OAnK,0,Louisa,Cronauer,louisa@cronauer.com
angellacettar,$2b$10$tUaV2whPBgPDmdKHZggI9uMZgqCTrB/DVYmnlfH7GTeAXV/f4Kpv2,0,Angella,Cetta,angella.cetta@hotmail.com
cgoldammerI,$2b$10$iYx9gXw2wKWGU4ZdgDGIM.ncmzh9Wlm8U2i06YJkXA/q08HxdfC7m,0,Cyndy,Goldammer,cgoldammer@cox.net
rosiocorkb,$2b$10$6QEdqrbuxXNjpwiAVsG7quXyk7cML01g2d7yrS5r2XKr9.5cndt4O,0,Rosio,Cork,rosio.cork@gmail.com
ckorando4,$2b$10$0d7JuvJl5yLTPnhyA7D2vOc2.8wtVJ/SU/rOHUpLTmcpLM34.krMi,0,Celeste,Korando,ckorando@hotmail.com
twanafelgera,$2b$10$6vPYOWWMLAKmwCVnFUU8auKzooh/4aD0EIQ86TRK3uew5DrobB4DG,0,Twana,Felger,twana.felger@felger.org
estrellaP,$2b$10$htdBzGpMz8L2W41xE7h0SepWNVgcrlgruSB7RbcIdPyZM3KvdUJ/e,0,Estrella,Samu,estrella@aol.com
dkinesD,$2b$10$Il5xg3Tipfz1oB4ZP.HLQuhZxCZwzyDkUOq0mu8.KDrVU8.XfUEmC,0,Donte,Kines,dkines@hotmail.com
tiffinysteffensmeieru,$2b$10$oF/NZ9eXBth.cVqZiRe4keJIPab0UVGvIFgFuuA9bnaZUh/A4qX6m,0,Tiffiny,Steffensmeier,tiffiny_steffensmeier@cox.net
emicelil,$2b$10$.2AV.Qqi26o7Li3Gry4ukeSNP5LJCxyNeL8uctaaLpmBbxX.Bdjhi,0,Edna,Miceli,emiceli@miceli.org
suei,$2b$10$M0xM3y.02QQErG4TuX8W9uZXkM6d7gSq.uzcWV7P2C52cg5VajYue,0,Sue,Kownacki,sue@aol.com
jshinZ,$2b$10$2vW9uQKugd5rjaBF0y2awuEMAVMOR2jsci0sNEaipfKnrZE4Xj6cO,0,Jesusa,Shin,jshin@shin.com
rollande,$2b$10$mpt6vlByk27C8ZtJebAlw.WRjN/PuzTowgmgBXFGBDz/qUB0N.EdS,0,Rolland,Francescon,rolland@cox.net
pamellaschmiererT,$2b$10$S1htHeFY7dzPgnEW7neF2.cR0rOSTAc.vuWQ1eVyvj/kMm0fvZsbu,0,Pamella,Schmierer,pamella.schmierer@schmierer.org
gkulzerc,$2b$10$4BEiymQpWFWJH.ZaZPs9eu3FGH5ETfGdYR2BcjjYHjbln.40TP5Va,0,Glory,Kulzer,gkulzer@kulzer.org
shawnapalaspasU,$2b$10$u8Uyi7KCMwMQ7bV..2iEx.bDPYda1M0yK9PLUHhtctw5B2L/G2qtK,0,Shawna,Palaspas,shawna_palaspas@palaspas.org
brandoncallaro3,$2b$10$IdPZNi4Mbf2/w/La4Xzy1OqKzcq4I8ogEgDSoS4LxENUIHX7..VFK,0,Brandon,Callaro,brandon_callaro@hotmail.com
scarletcartanR,$2b$10$X3mODDuzEj2TBt69rQoyU.pKwgQDCYNEX2H5uwREChQ7tVb68wA5.,0,Scarlet,Cartan,scarlet.cartan@yahoo.com
orethamenter3,$2b$10$g7NVZPqQZYTEVesDRJJbNeWdzCvdgQp6XwSF/W5Sh6ltxlADgoeiO,0,Oretha,Menter,oretha_menter@yahoo.com
tsmith2,$2b$10$WWJP97P95cuk1vqMYJ58jOZ8NJ0/qFv.qgQS5nfk6EGPdV48EDFii,0,Ty,Smith,tsmith@aol.com
xuanW,$2b$10$UKTBrJhdWVRyomXs2JwPT.o/jMDvoKbSYx7VjklQz3R4/oINiw0g.,0,Xuan,Rochin,xuan@gmail.com
lindseydilello1,$2b$10$6OppuSMkrUTaTchKudHpnOZ.YGOMlTuD9EnLyQEqwbfhtOOxRG8R2,0,Lindsey,Dilello,lindsey.dilello@hotmail.com
devoraperezg,$2b$10$a7fknJ2VENAeRJlIybKYZeHLDyjbtV/gVPtos2QJpf8zHnNJvM7Fy,0,Devora,Perez,devora_perez@perez.org
hdemesaQ,$2b$10$IpxR40V2DGUbvtFfHT7bDeoMHkOPLNq4yRRbBLGX2So4iEMX/56Ki,0,Herman,Demesa,hdemesa@cox.net
rpapasergiT,$2b$10$z8WG1CToFNuRNBrVFd9IKOpe2RAf17g9rbils/F.CnQ1llDU5PeqK,0,Rory,Papasergi,rpapasergi@cox.net
taliariopellei,$2b$10$2aHSiqKtSCfFZhHS3nZ3cuusmH8oh4hlkbM9VGGOEpDrwCV/D92Re,0,Talia,Riopelle,talia_riopelle@aol.com
vanshire5,$2b$10$a4tCot3OQoOLfHnLEqDx5ePydL0HXY9rqItuH4l0u0QEkBTJnvpba,0,Van,Shire,van.shire@shire.com
lucinalary4,$2b$10$pzX.ZAvqB75Jd5n8jEMVMOY7RzQnU2d02stl3bZZniTg6Sk1A1ire,0,Lucina,Lary,lucina_lary@cox.net
bokisaacsA,$2b$10$9l64y0X.GifT5thdALNDm.4bjhm8Um677CRg8uz68sjpvm8fKycYO,0,Bok,Isaacs,bok.isaacs@aol.com
rolandespickermanP,$2b$10$UnpWLnicAltC1sSBC7lh/eexycNnYp3.BsNvDQoT5WHNBr5TPTN/K,0,Rolande,Spickerman,rolande.spickerman@spickerman.com
hpaulasT,$2b$10$iB2dtED4t80zqGotssQuIuVFVhnGwqOsIk28XioAq159tWPzQ42L.,0,Howard,Paulas,hpaulas@gmail.com
kimberymadarangV,$2b$10$uHOFCYhotDPQJtxt0kzM4eH59SSOILRvks4SBidkxCy/tXUNEMEOy,0,Kimbery,Madarang,kimbery_madarang@cox.net
thurmanmannof,$2b$10$nUeR0tqVsAXtp3UdnZrKOeAsl9d9NPJRPKA9iVtuKW203kJC33NUW,0,Thurman,Manno,thurman.manno@yahoo.com
beckymirafuentesM,$2b$10$SyLTPX.RX61tMGvdIQKjGOiIygxeJR8oW56v75k5bc86Kx2JNERta,0,Becky,Mirafuentes,becky.mirafuentes@mirafuentes.com
beatrizH,$2b$10$8RyoPECqhEna/s1SBZilDuVmnNNXd4aVqxqX.aCGQVDYSMGQU0ssC,0,Beatriz,Corrington,beatriz@yahoo.com
martimayburyA,$2b$10$tpRsKpoXHI8CfHpPZR4Yo.T/YyYwm1p950mit9m7cXdVG9/1ONe3e,0,Marti,Maybury,marti.maybury@yahoo.com
nievesgotterM,$2b$10$1ue.YvPRn9PIpfrGeklRSO1226dTCxCjTWm7CcBnOar52JWUyK9Wi,0,Nieves,Gotter,nieves_gotter@gmail.com
lhagele2,$2b$10$2TcPRFM2wABtUpKZ2uyIseTv7dUadJs.zin9UMxHtk0O6UVGtLKQG,0,Leatha,Hagele,lhagele@cox.net
vklimekg,$2b$10$6wVI44w9KivOszNtF7..RelGy0Wh/LFPV3ILKaturiKekioS3ax4C,0,Valentin,Klimek,vklimek@klimek.org
melissa9,$2b$10$aUUPPgWy1YjoM94fhOt94ehiqan69dni9WnsW6evUHljQ2zdmtlxq,0,Melissa,Wiklund,melissa@cox.net
sheridanzane8,$2b$10$/N9O9wAwBHts3Q3MvbVMveeI6lY11hgQOTZbtl9HGDbqZKQ4F9Q2y,0,Sheridan,Zane,sheridan.zane@zane.com
bulahpadillap,$2b$10$E18ayZCbNmzGqDMCAqgoquxTpJPrSndCpH6p0BkjwSIPAiwUYeRLm,0,Bulah,Padilla,bulah_padilla@hotmail.com
audrao,$2b$10$enrxCij1abRl2iGqKvc8qe/fprKY/zJLv18JuGulA5.MYd1TtJ/DS,0,Audra,Kohnert,audra@kohnert.com
dweiratherB,$2b$10$x17Qewmw6vTXF.qcIxupBOSukHdLWvtsmUad7H9CDCbuleFm3ssZS,0,Daren,Weirather,dweirather@aol.com
fjillsonx,$2b$10$pG1AFrFOFLgl101.2LJk9uoTbHfk2j4m4eMZeTFO8zXTKtFQrvyzu,0,Fernanda,Jillson,fjillson@aol.com
gearldinegellingerU,$2b$10$ESiP8C1Yqar5arscbIUvh.1fcosQQu.ElAKrZT.DX.KOhh2CvzOHm,0,Gearldine,Gellinger,gearldine_gellinger@gellinger.com
chauD,$2b$10$ZwMmTbuYO/P91S0cHnP.oelOGGz0D4GdH5EYJqQKqOzcAJZ8ZjKWa,0,Chau,Kitzman,chau@gmail.com
theolafreyR,$2b$10$sE9AF7Z.vpAOOp6T10ji3ObpQb/NbEwBMze1Vltt.N76Wh3BFWy.a,0,Theola,Frey,theola_frey@frey.com
cherylU,$2b$10$hNv8lAtzLqbu2wvq1yoz5.lWFBKNKfpSxJhmOZFtH/sav68bMiMo.,0,Cheryl,Haroldson,cheryl@haroldson.org
lmercedA,$2b$10$a/4yY0Ox8Lp7K/t/5u5VVutsUaSIjz/omDTOGPdUG/nirKjhEj.3S,0,Laticia,Merced,lmerced@gmail.com
carissabatmanY,$2b$10$3nIzXNJZoJr3mihHA7eGU.2NYYuClmtQoFFyVBNLabbaROU7d0fWO,0,Carissa,Batman,carissa.batman@yahoo.com
lezliecragheadC,$2b$10$fAhJaz/tePBeswsxsqHylOQ.yHOO86RWchwof2tQUGcVum5DtNbga,0,Lezlie,Craghead,lezlie.craghead@craghead.org
oshealyf,$2b$10$Gu4CgmwDTitEioLix9kJAORrtufKPhTZEpi9AWm14Ar0IpQnW38IK,0,Ozell,Shealy,oshealy@hotmail.com
arminda9,$2b$10$03Kqcxvc1JmWhhbm6ZDuU.eSFicR0REvmlK9Nr9wshe1RG5KEG/te,0,Arminda,Parvis,arminda@parvis.com
reitaletoQ,$2b$10$KFeTOgMixF3JsXFcF3y1BemoPD7GSE/fkvU6kqXpbHyIej5DqC0eC,0,Reita,Leto,reita.leto@gmail.com
yolandor,$2b$10$UDHkjtaG99wdOfIYJn9ZmurNNa0b2DFXtpx3q1KN0YDR/UspJKcA.,0,Yolando,Luczki,yolando@cox.net
lizettestemI,$2b$10$W0iGYQQn/0Gm8Rf0X.rHqOwoQd.wUTJbCXM6sZgfL9swN0Sm7TYkq,0,Lizette,Stem,lizette.stem@aol.com
gpawlowiczn,$2b$10$7xz5fI5Bt8GMyE93LE0R5OYbrB1xAzJ2hmag6b0oT43C/gWT5xMJS,0,Gregoria,Pawlowicz,gpawlowicz@yahoo.com
cdeleo7,$2b$10$uzjCwYb1UsVpYwK3CW.PF.Mu067DuVkAIxOjnuFNq.skHSjhgVQ9u,0,Carin,Deleo,cdeleo@deleo.com
chantellR,$2b$10$lzgZDCYv4sK2pq91WsY/XegpEEqCCZo0yWRhuXcsp52arWoF1TvAG,0,Chantell,Maynerich,chantell@yahoo.com
dyump,$2b$10$bGGZ1JzPPhgJekQPwHzYbuZ98Ir53yTPt8sqInAfNZeJK5VBEMB9y,0,Dierdre,Yum,dyum@yahoo.com
laraegudroer,$2b$10$N4TmN.JJJ57u18d4SUP8ueQ23BkVjfT0xGhAyb/haCOWY9GE0H5yW,0,Larae,Gudroe,larae_gudroe@gmail.com
latricetolfreey,$2b$10$SlG79DT9YFUkC/W7bv8rl.qu8c6fzOrpTSh/JFQohk4f5eAGaoA/K,0,Latrice,Tolfree,latrice.tolfree@hotmail.com
kerrytheodorov5,$2b$10$tnjnFLvsRD5tgOx97tvir.tdcTHIuiPBthO0By7QEhYhga41nVKe6,0,Kerry,Theodorov,kerry.theodorov@gmail.com
dhidvegiT,$2b$10$LwISJSAPlvYqVxGDuCCOpOXClyWR/AHXUaJ9Lu.inXDOkY3XJ/dvm,0,Dorthy,Hidvegi,dhidvegi@yahoo.com
fannielungrenu,$2b$10$UVLQkCw.whDjz8CpN51P8.guAsM9VhNxttLdxL7h6xQGYoQfIs9Aa,0,Fannie,Lungren,fannie.lungren@yahoo.com
evangelinaZ,$2b$10$aQFMo7LAr/KiQ4c2.UIDH.VWkPUmPTvQOvIkCUhFKOHyndRYw5YMy,0,Evangelina,Radde,evangelina@aol.com
novelladegroot7,$2b$10$eSikcf.MQPR8DzxQHttr0uhYITpAN2o9SMAfoFcaLT4d5lIP3HTza,0,Novella,Degroot,novella_degroot@degroot.org
choaN,$2b$10$h0u/tzqKY/YPvazhT7ZBp.Q2tc2NWUaYqodVhVbB/k7V88GYoGdzC,0,Clay,Hoa,choa@hoa.org
jfallicky,$2b$10$CYbtGJxvDTP9Ik6KJfCSUOJABQVbed7tc3/LDpdDfGv43rTJ3lJvS,0,Jennifer,Fallick,jfallick@yahoo.com
irmawolfgrammY,$2b$10$/MikP32yRmbNbiqflCL41uU9lWy50XYqg0j6.GY6yQ0fW.Ub3kBFO,0,Irma,Wolfgramm,irma.wolfgramm@hotmail.com
eun4,$2b$10$w2dDtAUOaJtGneqU5gdJAuSHFRT0E6RtxCyi003r85NPvbtSAOhlW,0,Eun,Coody,eun@yahoo.com
sylviacouseys,$2b$10$uCu84PpNMkqbHHoBct/6zuumGIKEpl/SEueO1ZaUDj0jbT/6OnPdW,0,Sylvia,Cousey,sylvia_cousey@cousey.org
nanaW,$2b$10$40/xO/K.yTG3mK.P9tDqQ.t04yfSDhxvZR9CfzodVxBDCuywl4RQG,0,Nana,Wrinkles,nana@aol.com
laylaspringeC,$2b$10$JEokrqemCMv02B0V59t4BOX0cX08dSFBpNxw0BXqQs3Fhh8s8.iCy,0,Layla,Springe,layla.springe@cox.net
joesphdegoniaU,$2b$10$HUa.bi7exI..OrUfUoCoZ.bdGyaPNPn966XTeysi9TlPOiYG9HU82,0,Joesph,Degonia,joesph_degonia@degonia.org
annabelleboordf,$2b$10$foBxuTcd1ygeQbxLhFooNOoFPQ3SIghPkg5xwxlI31HdBQrGxLMAS,0,Annabelle,Boord,annabelle.boord@cox.net
stephainen,$2b$10$zOh5xnW5iMb0wRv4yKJIC.O2uRr0WwGirabitqIUV9S0J1BU3DS5O,0,Stephaine,Vinning,stephaine@cox.net
nelidaJ,$2b$10$1rkWLeYOUAK/cluiHvC1Q.qt.WDjrClo/jgU58C2s4eg1D/2/LnL6,0,Nelida,Sawchuk,nelida@gmail.com
margueritahiattk,$2b$10$AzMmYee/IZTeh8mkVIlU8uxU5tSWJbN9xtcxZf9nmi4lVsg9Zdjee,0,Marguerita,Hiatt,marguerita.hiatt@gmail.com
ccookeyn,$2b$10$sogzW4fCkrRZ1sjyy6vY4.X.8fi.G695IvPIvVKyP2kPldPk07Ncq,0,Carmela,Cookey,ccookey@cookey.org
jbrideaub,$2b$10$UrENUU5H18L5Xqtn0p2m4eJCOzjkA3cc53b5JUiBRPIhR/2iOn9r.,0,Junita,Brideau,jbrideau@aol.com
claribelvarrianoo,$2b$10$4rGWsfbyazPXCE91bro8SONDbu8rNttNC7M7Pa90Fh.37jHZvuJ1W,0,Claribel,Varriano,claribel_varriano@cox.net
bentonskurskyl,$2b$10$4yBOcQCvYeX5dqA6tED5UOSRkLx1aZr63UvpqL9LCU7Qh./ZE5Iv2,0,Benton,Skursky,benton.skursky@aol.com
hillaryskulskiE,$2b$10$qDmgjhA0Fdhgcc2bW8pnwedRxn.hO6XM7T1Pz4idbHjB4Y6DAW30m,0,Hillary,Skulski,hillary.skulski@aol.com
merilynbaylessQ,$2b$10$aNazuT2IjkampNjSCf/UpuEcNcVaEkRII3AtKUJubQ17Lc0bsNRha,0,Merilyn,Bayless,merilyn_bayless@cox.net
tennacop,$2b$10$ZBjfr3bErQE3F5nhZwam3u4KyzID6j.FhmBdOgqPBXCGTWnEdO4/q,0,Teri,Ennaco,tennaco@gmail.com
merlynlawlere,$2b$10$li0QyDG1DPytyu73NKQR6usCIDdLVoiz3WrHULzezVKpbxaQr98x6,0,Merlyn,Lawler,merlyn_lawler@hotmail.com
gmontezumap,$2b$10$d4tqfyyJC3EbUc.Lm0/NDOqxAbcSeIi37scn9JKxozml/hi0Jbiay,0,Georgene,Montezuma,gmontezuma@cox.net
jmconnellJ,$2b$10$R791Mtv7dKOKGBDf7CMWnOAqVteU0/MsQDBFPVzZCd8wO8tJY/T2G,0,Jettie,Mconnell,jmconnell@hotmail.com
lemuellatzkeK,$2b$10$kvQGXSprENKo8KREM7fTJuDEBFmUKVPDOt0pg9wRbUPm.JmIxhOH.,0,Lemuel,Latzke,lemuel.latzke@gmail.com
mknippN,$2b$10$YPvga3iLaDzAjaZgRCsmgOaC6/twmgxU62PPB7Tx2m/u6njyST6A6,0,Melodie,Knipp,mknipp@gmail.com
candidacorbleyj,$2b$10$qy62MaIvRRnBlQPyw0/v9O06nbt8i.j2Gww6EVy1XNlbgrcBlJrr2,0,Candida,Corbley,candida_corbley@hotmail.com
karankarpinF,$2b$10$XPn0BZJkMEDNPVrncV8uG.YEyuILo6HwrHCMcgPPGirXNt0gq5Gt2,0,Karan,Karpin,karan_karpin@gmail.com
andrav,$2b$10$ZQWo5N4NKqZsd3A7ggm9R.7E0hnXMWKIE5eiOJ0uv7HV5T4SC4nFa,0,Andra,Scheyer,andra@gmail.com
fpoullionh,$2b$10$958yUs4AyDoTsjWGrGlPWurraN..0aB4X4hWm0XSSMtf5cGXEWEku,0,Felicidad,Poullion,fpoullion@poullion.com
belenstrassnero,$2b$10$rZ0ifh1syqO0I5Zho9Xiq.3NEYT6SZGFxk5ImMfTcaDcnYTxhcBvy,0,Belen,Strassner,belen_strassner@aol.com
graciay,$2b$10$fHbHGdbU6MLZaKVFs3W5QOcfE7FhZbiuKT3Sg/0lZ81EUZmFatf9S,0,Gracia,Melnyk,gracia@melnyk.com
jhanafanR,$2b$10$.rj7x.SKapQ7VKRGNJNkpeCayCKr5z9JxYbArEoQ7hx.ku.4xo0fC,0,Jolanda,Hanafan,jhanafan@gmail.com
barretttoyamaU,$2b$10$HXyYz1dUTOm3xKlGYos99.k/1cD0kFeAGodZnsaD3flvrs84OgD9K,0,Barrett,Toyama,barrett.toyama@toyama.org
helgafredicksh,$2b$10$L5NxdEWyrgig9i2wOK09O.mEzc1Ug.31ZFk5Oj7b2VBVHTWqNXxaa,0,Helga,Fredicks,helga_fredicks@yahoo.com
apinilla0,$2b$10$wTMV46ogXlWNx/cFlNby0.K.8M2asazLcl7goHPCpiRueJw.AGvjK,0,Ashlyn,Pinilla,apinilla@cox.net
faustoagramonteC,$2b$10$XHnAndqB4UOIWxTla3d8fuxkD5CTCFh9/ggcnqvrlmPNH2z0KfspC,0,Fausto,Agramonte,fausto_agramonte@yahoo.com
ronnycaiafaM,$2b$10$8cxuA8a1lf/kH78FUTT61e4ld1aWux4C4.tEsS8jqRGinwmYfQ6DO,0,Ronny,Caiafa,ronny.caiafa@caiafa.org
margeV,$2b$10$GoZt.kg/NYCuV/Lk3AIIe.F68WWb80jcxv9mVK.Ab6FsKnV.OPRYq,0,Marge,Limmel,marge@gmail.com
norahwaymireT,$2b$10$XDjqD2i5shr4cF00FVkEvuPlo8hcsTES6V0RWuRmaGnhOwZBVMaPW,0,Norah,Waymire,norah.waymire@gmail.com
alizam,$2b$10$FJmKI9i4tF/RIaYMUgQ/TeAEnM2QHDNmi./yAvHX7tNGPydSfUeaW,0,Aliza,Baltimore,aliza@aol.com
mpelkowskiJ,$2b$10$fYnar0Ds7YTMlBO4fzbSpuRopYYODQpgYzCRtwpUiLoT96eIy8/Oa,0,Mozell,Pelkowski,mpelkowski@pelkowski.org
violaX,$2b$10$ZCBQsvrpZBOB5R1XRyh.au7M4hvT16ee2feSTbi/h5CNgdHBUeeQC,0,Viola,Bitsuie,viola@gmail.com
femardF,$2b$10$cnKkezwa5YKqkUHBRCM8ruQy/UT5AHFoL8XXgC774KAxcKp75uIlC,0,Franklyn,Emard,femard@emard.com
willodeankonopackiz,$2b$10$1qu0XBaMmevSn.Sp7xjYc.FISaTmS2F.ugmZOjDckltvAvbkjp9Pe,0,Willodean,Konopacki,willodean_konopacki@konopacki.org
beckiesilvestriniw,$2b$10$yqDX8kQw9WNIVGR9iL4La.YNxm3xle4o14pDeTZl/n1NSHZJYxxMy,0,Beckie,Silvestrini,beckie.silvestrini@silvestrini.com
rgesick5,$2b$10$9M7EkVEnpuK5FGa9kyhreuBYasctkxdZ61bPXcekzOrlk8oSyF1e.,0,Rebecka,Gesick,rgesick@gesick.org
fredericablunkr,$2b$10$qGvp6dBxpmUl.kRYJl8yyuLmPvbPmq3E9Jds4vjzuUewo/0XOxHC.,0,Frederica,Blunk,frederica_blunk@gmail.com
glenbartolet0,$2b$10$Uyccna/.oL.lfpewNN7MP.vAdKVqRbEd/VCmNnxCccKL5cQ1P7.A6,0,Glen,Bartolet,glen_bartolet@hotmail.com
freemangochalw,$2b$10$CMpBkjjXn7roAmgR.JXQ1ORS3poFE.3myRcc.M7YuEwZzXglqDkQm,0,Freeman,Gochal,freeman_gochal@aol.com
vincentmeinerdingb,$2b$10$oE2FRutHeW2KwM75iC598ORzJL10gROhi4JjqAghOjn5QFU3D8V6S,0,Vincent,Meinerding,vincent.meinerding@hotmail.com
rimal,$2b$10$sCj3Ocmd7xC5z5C/0TcUiu9DO/Rdzk1CrQAvQnRtWKUrTEJQ5fkIO,0,Rima,Bevelacqua,rima@cox.net
gsarbacherL,$2b$10$uBA8GkDzmAHpbyYu37yP8uoGmDYoiQ.jtC5rXG/GJcmE3hz/z8dJu,0,Glendora,Sarbacher,gsarbacher@gmail.com
averyT,$2b$10$gXFMKj7HU07GF1EpxfZXsueQUr9btt0HMBSwtVyGyQ1RS4kb3qLrG,0,Avery,Steier,avery@cox.net
cristy8,$2b$10$xugAVN4O0.5YMzezmQHDn.hVyCAeo/5HBRGeS30dObJuoLWU88lO2,0,Cristy,Lother,cristy@lother.com
nicolettebrossartj,$2b$10$aoty2l8Chq2j2e33Q9B0mOXW5gmEZF6CmfmiOrsYJSpuqjCvZ.5zq,0,Nicolette,Brossart,nicolette_brossart@brossart.com
traceyO,$2b$10$LTPvN6jkt70WnF1eyY2HM.ONGDjg.S2TYHWOhXBAqVA5PsaYDX5PS,0,Tracey,Modzelewski,tracey@hotmail.com
virginategardenj,$2b$10$o802M1FPiAiw059U6JpySezWLV8NpFpuyv6ocxGWZcgGwvGcdmJGK,0,Virgina,Tegarden,virgina_tegarden@tegarden.com
tfrankelG,$2b$10$0NHM5TXnfpGjbQlCoY6yU.zj/CkQkWfJ99c8GO3xTMEenZKA.hlTy,0,Tiera,Frankel,tfrankel@aol.com
alainebergesenH,$2b$10$lRdyd8YLHrxliAYJPe8DPOJBlRdwrnS/5cCVs2ZCl0LixgalDZb2O,0,Alaine,Bergesen,alaine_bergesen@cox.net
earleenmaiP,$2b$10$kRVx8XxB59bWLNWufWXn6eQXFvEII4w3ep.xRwrdfEHsLljAodWP6,0,Earleen,Mai,earleen_mai@cox.net
leonida6,$2b$10$xQL34lYkYDcZUw2Qjj0OLuvhBoe3OnbdYbeGhoZnMK0/dLgLwUfy6,0,Leonida,Gobern,leonida@gobern.org
ressieauffreyl,$2b$10$oECUCXxYj/4kVnRTEadJe.mP88O5Jy.kJjCsBRkjbXO.CfHR0aMam,0,Ressie,Auffrey,ressie.auffrey@yahoo.com
jmugnoloA,$2b$10$Og.Kl2BGj5NaEBjyzk.aROJOqgabD2nN9gRJCKOnpm2nAD9np.WSa,0,Justine,Mugnolo,jmugnolo@yahoo.com
eladiaU,$2b$10$KpzLIemoluhtq42RvZ8tSuZxfBiOgRDtTs.MvcYqN02/3S0jDe3H2,0,Eladia,Saulter,eladia@saulter.com
chayaY,$2b$10$nmbZ8BUCGdywQ1.hJ9G3PeRRRGfTwHwugzxPt2KmAW0rWR0qV8DRO,0,Chaya,Malvin,chaya@malvin.com
gwennsuffield9,$2b$10$DS2ljV9FXXMLSGiV2uJIGe1Z4STSqqM5n/T1OTUxupkfGliFZ7lF2,0,Gwenn,Suffield,gwenn_suffield@suffield.org
skarpele,$2b$10$wpk52jGW4EyytOWtVhS88uI8UuC008Uuhhn5H.AEKaAT28OwABWxO,0,Salena,Karpel,skarpel@cox.net
yokoc,$2b$10$5BpuEJ3sReBr4iNpYKhzMONA8o6K9Jxco0KrLv03nqwPqIuVWZcTC,0,Yoko,Fishburne,yoko@fishburne.com
tarynmoydG,$2b$10$frh0ijLJaSLrU/tWyAonoOBPyq.gx6boHDWwEfGVUA00PCegw59pi,0,Taryn,Moyd,taryn.moyd@hotmail.com
katinapolidoriQ,$2b$10$XmgEud6f4cD8q96iQSADD.TWviGvm98X4dmxV2PuYJ5ObrITY/Wum,0,Katina,Polidori,katina_polidori@aol.com
rickieplumerM,$2b$10$G4G7HWGaz/Fb7e4xII8dG.r4.JPHuW2N6basqg9U4vdxh80UrU0w2,0,Rickie,Plumer,rickie.plumer@aol.com
alexS,$2b$10$HM5jbDH6zWkhuQ9s3Y.9bO/lXrHM3RgL9pSPvb8dCpbckeAVJR7QW,0,Alex,Loader,alex@loader.com
lashonw,$2b$10$3Y03XOnS4OFuEi74LWc2N.tOZOeKAucqzZLdgzx6qd8XRThzD4a8u,0,Lashon,Vizarro,lashon@aol.com
lburnardn,$2b$10$j813Q5W6qMbZkWULFUNhl.W/URAsSf/QomWKactMS38AjmDpN4LsO,0,Lauran,Burnard,lburnard@burnard.com
ceolasetterR,$2b$10$4dIjWyLUvw8tP1vaKQPIUufPHmgiXiq.d5Rw.OND2IkeEYKMubqqy,0,Ceola,Setter,ceola.setter@setter.org
myz,$2b$10$sZ2B27o9vZ7zCbKZRk3WAuW3c2/IoS0hXeUfECgeBDrUgAdyYWKq.,0,My,Rantanen,my@hotmail.com
lorrineworlds7,$2b$10$fjNQblLHdWdYKpfb50Cvted/yvw0y7W.ZafleRNGVSoi7SNrrwCfO,0,Lorrine,Worlds,lorrine.worlds@worlds.com
peggie7,$2b$10$4We24CuA5VfuVFX5orcUheqADYTvnKhcM/KqFRdyrMGQImR5Y0w2O,0,Peggie,Sturiale,peggie@cox.net
mraymo5,$2b$10$BrRKTEABVwKRYOkugPJPx.3xWZgI1l1t8cnBP6p4yyjBAwTzCep.6,0,Marvel,Raymo,mraymo@yahoo.com
darondinos9,$2b$10$P9rA4JZerC1T/T/fC68IVee32hudhBrR9sjL7ZJ0Bpaq5ckxWxuvG,0,Daron,Dinos,daron_dinos@cox.net
anfritzt,$2b$10$YQDatDviB0OkePNwCpfbi.asEbvlHJ4ipMudQs2d/9J1BU.9Lh0f.,0,An,Fritz,an_fritz@hotmail.com
portiastimmels,$2b$10$9aBzfb4UQVFXwbg8pOo5e.T96Nwsu06ZcwQnQm.7XzGi3YnumptiW,0,Portia,Stimmel,portia.stimmel@aol.com
rheaaredondoj,$2b$10$JXLAEHEIroYzQnMdyP7Te.3dBroJwSh9l1bGAeXMcKlQ1pZA4wQgi,0,Rhea,Aredondo,rhea_aredondo@cox.net
bsamaq,$2b$10$.0bzuI0z8S3kuY6.l1WHD.YOS1KNFtb2uGafpyZx.YvXhtj/jv9TO,0,Benedict,Sama,bsama@cox.net
alyce2,$2b$10$iw7i5VeIKtwxxDau8euqKe97gAyRfGwuApGmnkDRDFA2fQeA5Ptgq,0,Alyce,Arias,alyce@arias.org
heikey,$2b$10$3NToTWn9rR4Qbsasjjujdu72XxM06SwZGEi/gC9KnKSEW4ufnYDSy,0,Heike,Berganza,heike@gmail.com
careydopicoN,$2b$10$m3wsPZwQPZl6quw8WXrrnuTlnKNUkQv0XrBRSrMTNAkVJxX.vUqWO,0,Carey,Dopico,carey_dopico@dopico.org
dottieo,$2b$10$P36LHcDgppVEA5q5gBUnIejgSAh28nt7VHbbyD0Tv/66d7fIIDEXy,0,Dottie,Hellickson,dottie@hellickson.org
deandrea1,$2b$10$Qe5cC9svwRABPtTlRkmfnOT723M8v61SPL5MJbfDucAB0EVy4n3ZW,0,Deandrea,Hughey,deandrea@yahoo.com
kimberlieduenash,$2b$10$HdPrEbMDgVNf56F4xwO8sOw8Uyc2LgUNh2ukie55DzqUrAl7vburq,0,Kimberlie,Duenas,kimberlie_duenas@yahoo.com
martinastaback3,$2b$10$UsGulZa3mfYMer8zeiJPnegWxSh8QtDSmvR9umZ.NZhweVs92rWAS,0,Martina,Staback,martina_staback@staback.com
skyefillingimT,$2b$10$brSIiEjjXHmbIYOM695gKu9Zz7dA2lRoq7N1fuNhmC9FclVnjFYe.,0,Skye,Fillingim,skye_fillingim@yahoo.com
jadefarrarr,$2b$10$gNS6geEoBJHpGQbrXJWlde9IxGkB1sDvqz5.p1rzLYz3JU4jNj42q,0,Jade,Farrar,jade.farrar@yahoo.com
charlenehamiltonN,$2b$10$OdQZJwam2PNEY0yvYE8ht.nSy81/IZ/6K5VNxijUHCHYoILCGRrCO,0,Charlene,Hamilton,charlene.hamilton@hotmail.com
geoffreyL,$2b$10$WyJtDVba7QeLGUpktKNDg.qxE0Y.qlnHBBRzF77pqW32SOpnLl/Ji,0,Geoffrey,Acey,geoffrey@gmail.com
steviewesterbeckA,$2b$10$U9kbcb9qsL/zHbtrvXWgUeyVxZ47BxaTkJgnT09Tu7N9yxiUBqQOy,0,Stevie,Westerbeck,stevie.westerbeck@yahoo.com
pamellat,$2b$10$nfHQFgAGJ6e/cNhZzsGHyuUQDbN2qTFg87UYWlpvh9wpALtxwCXhu,0,Pamella,Fortino,pamella@fortino.com
hhauflerz,$2b$10$1gWvZ1KqPJKkPXjdBWihRul5JAHX.VZsZGi6nJ2Ql1wiFWcm/kPAi,0,Harrison,Haufler,hhaufler@hotmail.com
jengelbergZ,$2b$10$O9ihoYnTnBrNSXPCuq1kTOrjBz6VA7efBLU.SjBDhDX5UZC1qZL16,0,Johnna,Engelberg,jengelberg@engelberg.org
buddycloneyF,$2b$10$jMr2HG4Kqf2rm0Oa271LLOIcSlk5uU3ekD19VRov8t4fm.xVgxMje,0,Buddy,Cloney,buddy.cloney@yahoo.com
daleneridenS,$2b$10$v.t0EkrZqF5FJP.Q1VWbk.UW4nvdN5Bpy7asf6k.ELv0GcFCRnlbu,0,Dalene,Riden,dalene.riden@aol.com
jzurcher2,$2b$10$JDeEXNapJT73c0PULzGqGe91OyoxOelLf6kBPhZizwVbudaaA8oK6,0,Jerry,Zurcher,jzurcher@zurcher.org
hdenooyerp,$2b$10$PsnkJjVPDCJwYyEJX/6CAOkq.HXkxO.KNyx7kN1S7gPEwst9BTV.q,0,Haydee,Denooyer,hdenooyer@denooyer.org
josephcryerg,$2b$10$TwBZ/dVB6PZLP8SzWL7bZuLssO5GOjnbUTElBVeij9i1Ec1wspQmu,0,Joseph,Cryer,joseph_cryer@cox.net
deonnakippleyG,$2b$10$dcuNkY88YG4R7QNzLHiR/uDPqsEeglEfKGZFVUrhXQ.5bPoNhV1k.,0,Deonna,Kippley,deonna_kippley@hotmail.com
raymoncalvaresiE,$2b$10$q.EGjTPMG192wHE25yAHTu7JnbLyTfRoQmE9HOSDm4PMDSkaNp2fG,0,Raymon,Calvaresi,raymon.calvaresi@gmail.com
aleciaM,$2b$10$.ZY55yGxbieuLY6Cclp7cOPBnSytxrBASvxPdYxnFZjZxdGqJKqJW,0,Alecia,Bubash,alecia@aol.com
mlayousC,$2b$10$R/eky.VR5CdyoogEFZA/GeA3vDluTlTyFi65I8g5zY47Ab3UGM5fi,0,Ma,Layous,mlayous@hotmail.com
detrao,$2b$10$u2xhlc103fZu10IZ3avNqurBTWTQ3BKlkcdf8.Tm1hp/sKBiKqufy,0,Detra,Coyier,detra@aol.com
terrilynrodeiguesE,$2b$10$RTP605wmV68jUicIiGeGV.BqlMgMueZ0sBLpYQ8lHcJk2aXQqFbli,0,Terrilyn,Rodeigues,terrilyn.rodeigues@cox.net
slacovaral,$2b$10$.DZN2.JJr6xvMmcZGGoc7.n9n6fEltIpUv8ksawPpdeUVZcw.CGVu,0,Salome,Lacovara,slacovara@gmail.com
garrykeetch5,$2b$10$N1gCAunpWBYoFZsBI8t27.9uMUslCxIkQaj7LmId6sAI.zD0y9VvK,0,Garry,Keetch,garry_keetch@hotmail.com
mneitherE,$2b$10$uF/cKzyTCUmbnk2OwA7Hm.v1KPMoVD0CjAJVhoowqTjjDv.jFVWQ2,0,Matthew,Neither,mneither@yahoo.com
theodorarestrepos,$2b$10$9qC5jldYUI8v43WVYa/H6ODzguilba25A7AxXy3xvqMs8q3rNaQx6,0,Theodora,Restrepo,theodora.restrepo@restrepo.com
noahkalafatise,$2b$10$zGBjBwbSicTAlow7K1AM0.u3cwdLnyQQRGqN/fwKtXyZoVvDj9mGa,0,Noah,Kalafatis,noah.kalafatis@aol.com
csweigardp,$2b$10$r7My57Af6tTWGjGirVTuLu6oqNbkhETXdrnDMHPsVLmDiAGVmX2Oy,0,Carmen,Sweigard,csweigard@sweigard.com
lavondaF,$2b$10$3eMcJjkUUsOnIjd.aNjQP.pHVg1SPx.z9qHnPSDoCEveL/UTsoREq,0,Lavonda,Hengel,lavonda@cox.net
junitaE,$2b$10$TD0aOpWzgWHdNEIJPiwhgO26NG3D/votyPB0xpp3vc4cjQf2ionzi,0,Junita,Stoltzman,junita@aol.com
herminia8,$2b$10$RPf1szv6DlkZetglfslug.YadcPs2fNRvvOH6c.u6modKGYkC74Oy,0,Herminia,Nicolozakes,herminia@nicolozakes.org
casiegoodK,$2b$10$g5YRZBFoSXuJ2NmCvO60PuyKLUxenmMbd1kddiPPlAG3LN8l788Me,0,Casie,Good,casie.good@aol.com
reena0,$2b$10$7ENmI4vLzehynPL1oGOhj.BpCqYWH6hkxvu0pDRWvleJxj8ij76Nm,0,Reena,Maisto,reena@hotmail.com
mirtamalletty,$2b$10$WYDJt/FjjS91INWLzxTGWuUOsGDhFBLMPAEbVcM0/Ayaz59jfs2Pq,0,Mirta,Mallett,mirta_mallett@gmail.com
cathrinepontorierod,$2b$10$RbiV3/UxsV96/CkL0helIOJT2Va4Z9eoX2qIUT9IUDt0.fNj27lBa,0,Cathrine,Pontoriero,cathrine.pontoriero@pontoriero.com
ftawilN,$2b$10$JfQ/MhCmKM4Eo08Q7E0K3e9oX147f4xicR6YbMBFwYS9agGuCj1bW,0,Filiberto,Tawil,ftawil@hotmail.com
rupthegrove0,$2b$10$OiWE7WcmT3mtgHKZu1h5ju0518bGTFyqlZFMWwgHMASS5Jr.z8fle,0,Raul,Upthegrove,rupthegrove@yahoo.com
sarahcandlishT,$2b$10$9ETgsnBtT2Mu7iVDdj7GGeReuKVHUP2sB7sYqIS8CuHjlpxbJdBsW,0,Sarah,Candlish,sarah.candlish@gmail.com
lucy0,$2b$10$SdrnpsNbU2uqncBu0rADIeXGSYc00LCBLoKe2Bq32U7TuBXZD2VE2,0,Lucy,Treston,lucy@cox.net
jaquasT,$2b$10$t07WYr5i0OlR7evh26Z5GOrqVzlY718BAPNFPVh6YbjODHVW/RQlO,0,Judy,Aquas,jaquas@aquas.com
yvonnetjepkemaI,$2b$10$eJyjAXoOZXSUmFDHem75J.3EJ8IFxVjQYF24Ts93.QB6KJCRIe7pK,0,Yvonne,Tjepkema,yvonne.tjepkema@hotmail.com
kayleighlaceb,$2b$10$yVTsVgATrUF4m.BxcOSeU.Ac.4oPtJcFWEKODEwBj83odoyDMyRdm,0,Kayleigh,Lace,kayleigh.lace@yahoo.com
felixhirparaW,$2b$10$sNqzccwKR7QASrFPGH8V1OdChS0saZCt2X.DJQ8K4XGyJEyNRXsd2,0,Felix,Hirpara,felix_hirpara@cox.net
tresasweelyW,$2b$10$s0O0dwtBcDYBcA1aGOqME.7GaPrfy8avzKqdYw14e73BH7x.P9RoG,0,Tresa,Sweely,tresa_sweely@hotmail.com
kristeenO,$2b$10$ps8w2CijtH0hF1CcOTzh3eKpRgvRFumEvgjHMSjHfZMU3k9Pg/UGe,0,Kristeen,Turinetti,kristeen@gmail.com
jregustersm,$2b$10$CwpV8St5wo11B2ptaUw.DOi7UtFWRRdXBj5mVI9a2DIlPEEkkQ.s6,0,Jenelle,Regusters,jregusters@regusters.com
reneaA,$2b$10$.Bl37VjZJ1itPVtZZlHi9uLrwAMqhbMPWVl7LqeuLhWij5tOQomBW,0,Renea,Monterrubio,renea@hotmail.com
oliveZ,$2b$10$9E0j1iHNF7U/7b1AydXubO3yIU1PhzmzPzkoFGaCsutXwEqmrPtjq,0,Olive,Matuszak,olive@aol.com
lreiberF,$2b$10$9rGvRVs2UgH.gJ93kcv1VOnWeF9IUNv9JGRPySKqaNc9vy7ieBv/K,0,Ligia,Reiber,lreiber@cox.net
christianeeschbergeru,$2b$10$4Xmn7zOuaEbQCw/II86kKu3wmUv.a5OJOJ4XNjYsMAXbWTx9TCG9a,0,Christiane,Eschberger,christiane.eschberger@yahoo.com
goldieschirpke6,$2b$10$J9ULHfdZuQRISEsT.7hRuuJzdDdPQqdYGTbgx26L6eRt6RZ8yJb7m,0,Goldie,Schirpke,goldie.schirpke@yahoo.com
loretatimenezx,$2b$10$S.7K64F9xv1wDfAsM0Gegezh1gDSlegayDzIZOYzT2bGk417ssxXW,0,Loreta,Timenez,loreta.timenez@hotmail.com
fabiolahauensteinL,$2b$10$t07oW3Emnapk5iemtkD5UevOWSPHk9faoszeV5frRFxw130Qm2rtW,0,Fabiola,Hauenstein,fabiola.hauenstein@hauenstein.org
amieperigol,$2b$10$1C.m5KC8Upro.GUvVEFjzODy/AhUuEQxQ3W5GFM92i.VQkNrnTF7u,0,Amie,Perigo,amie.perigo@yahoo.com
rainabrachleB,$2b$10$cosvuSdGeM3T8dwG27IKM.iuPX322c1FuaoMdTHj.09jaZfSFXN16,0,Raina,Brachle,raina.brachle@brachle.org
erinncanlas3,$2b$10$W.9UHUZLwyWreAnmfEVxAu/h0Wykcnmdpx9U3sBDyhhyGbX1WTaoC,0,Erinn,Canlas,erinn.canlas@canlas.com
cherryb,$2b$10$8cRL4DML66jmOpEXYBEPoe0fV8vw0J5rrDBs1RuBT4D8avcNJgq8q,0,Cherry,Lietz,cherry@lietz.com
kattieo,$2b$10$gXk0nScZaR2LOuzfI96.5OrUoBWn7bgTdCzViQZl76kXjzWcoynMC,0,Kattie,Vonasek,kattie@vonasek.org
lillik,$2b$10$5bRPD9ezfnDc5rgaXuKb..7G52.Yr5hUeEO46x3be30wd9ruckBbO,0,Lilli,Scriven,lilli@aol.com
whitleytomasulo3,$2b$10$L2MZSvRYNX4DF6cY0A6HBuP55iKbRWZw1JkiQIvQ.aQE5GmMqagnO,0,Whitley,Tomasulo,whitley.tomasulo@aol.com
badkinN,$2b$10$beSYf.nToeEko26/g3ku1ewt6b/a0E8pCn8XyEJ6xFpOr9gmbe8EW,0,Barbra,Adkin,badkin@hotmail.com
hermilathybergG,$2b$10$8qjK9Q3O3edSg9htjMcJ..eVV/wK.h/s6vqQgGK7K/Y7LwWkoyCXe,0,Hermila,Thyberg,hermila_thyberg@hotmail.com
jesusitaflisterz,$2b$10$83wEXuTUUddU7re/FIkO2uZSdwT2JfNRi.JAX6UFuD2i4gv4BLkt2,0,Jesusita,Flister,jesusita.flister@hotmail.com
caitlinjuliaj,$2b$10$y4IiYeLMAQxY5BTpKn6sAerDjcJwevEzj6NvzuaK.mrqviyLWqtju,0,Caitlin,Julia,caitlin.julia@julia.org
roosevelthoffisb,$2b$10$QCA/OrjrYptmY.i2EQsvJuF02IM7ptuGNfHEbNvm6ldstQumyu.cW,0,Roosevelt,Hoffis,roosevelt.hoffis@aol.com
hhalterP,$2b$10$Gzr8OrESvWGF8uB7QmrKZOmLeGWzymD/H5Cj8aFgXvWG5g6TRrsPO,0,Helaine,Halter,hhalter@yahoo.com
loreanmartabanoL,$2b$10$4WvrrurI6/6h/voh4DSYauRAazv97QW05tUBMQ8RggIyqjTkY3TP6,0,Lorean,Martabano,lorean.martabano@hotmail.com
francebuzickH,$2b$10$C6/Vxr9SsF.Wd3j/nMhFvuLjStHgu6uNuNqm1E4Dmt5jTx1uk46L.,0,France,Buzick,france.buzick@yahoo.com
jferrarioy,$2b$10$KtK2brdLnzSwh.r9fuE5H.nMa01eRuL9rndlO2l6BA0rXqDa/Lkt.,0,Justine,Ferrario,jferrario@hotmail.com
adelinanaboursb,$2b$10$vGiMVy2KtJhoXeUNDy5aM.cozUb71znHekeJyj2/YEi9TaBsZnwwm,0,Adelina,Nabours,adelina_nabours@gmail.com
ddhamero,$2b$10$yPGCABjO6vnuyRrJ5u09/eSJbwegFrVwLGp5DhghNK6hjL00peQxi,0,Derick,Dhamer,ddhamer@cox.net
jerrydallen0,$2b$10$NdzPwpGoO78o3LU25yFuaOZdsmIvhzV4PDcfPx1NWRLEEBUJe3cge,0,Jerry,Dallen,jerry.dallen@yahoo.com
leotaragel2,$2b$10$Ho7pIlH6MEXIx5tCw85Tk.zSA39SA5lgbxWbAYnaTNBMdkIuzKOEe,0,Leota,Ragel,leota.ragel@gmail.com
jamyotr,$2b$10$RwkBCdGbmc4WodCbEtZBkeoV2Hbn0wHW84CKR0f.eC9p6i4cEvWKW,0,Jutta,Amyot,jamyot@hotmail.com
ajagehrettN,$2b$10$v8y9Q1snrLVOukA2b5lMKOYHjthSif0BSTpJFMIT6dwjWlxv/tvjK,0,Aja,Gehrett,aja_gehrett@hotmail.com
kirkherrittb,$2b$10$IGsmCqxSfVhiduQxxLW3Cuo7hPi7KrVa9QnfnKN4coZ1EyMB1Bm7K,0,Kirk,Herritt,kirk.herritt@aol.com
leonoraJ,$2b$10$pV7WGao4yZNdf2m5wKm5tOq48D6GWP9lIgbFiGGZEGgAS3EZmJ09G,0,Leonora,Mauson,leonora@yahoo.com
winfredbrucatoX,$2b$10$I.kKcavKbX6fEfUI39xI.uKP35VGkqYlcUGwiPPJ6Sy8AXFwIkCbG,0,Winfred,Brucato,winfred_brucato@hotmail.com
tarranachorH,$2b$10$YTulMYO9cvpBxgptaCTvoehdxDymUoNdZ7l6TbG0896LvQovuD82u,0,Tarra,Nachor,tarra.nachor@cox.net
corinneU,$2b$10$KNozF2FQ/Q6zZmtcfI2ZSua56HagXsXuzE46i1vFmZ8jHn0vGa97K,0,Corinne,Loder,corinne@loder.org
dulcelabrechep,$2b$10$pTJy.5ho7i.sHSaJzluPS.Hw9w.rk1ZL5.yLAKJ5yCS0vhbuSuOHq,0,Dulce,Labreche,dulce_labreche@yahoo.com
katekeneippy,$2b$10$bWCr8C/Inqbrd2fXAr2skeIv0isxmaiMIGLqyaORrnlL12UzJL5HC,0,Kate,Keneipp,kate_keneipp@yahoo.com
kaitlynoggU,$2b$10$UvxIoONeNNE9v2b2jejy/OABKoQ1cAyBP/.Wet3ZaKSiaNe4CkYmi,0,Kaitlyn,Ogg,kaitlyn.ogg@gmail.com
sheritasarasl,$2b$10$W.q9AXn3DdaBK2b.twn8K./kIjpT1AbLdfrcEqhK9HN5grhBEbgQO,0,Sherita,Saras,sherita.saras@cox.net
lstuerc,$2b$10$KwESjZYWoz9XVEBLwyel3.nlfRRtphbiiC2xOFz1u2II7.DDtGub.,0,Lashawnda,Stuer,lstuer@cox.net
ernestH,$2b$10$CATkBQ2ylB9uESaKYuNN8Ocv1MPOiXKpck8yNNr0CtOt/e.Ku1DlG,0,Ernest,Syrop,ernest@cox.net
nobukohalseyu,$2b$10$sBoipXyXyCoy7TSKa3dNLuBh4M5qo2qbWF3FFF2HAdHoMp4TMG6Y6,0,Nobuko,Halsey,nobuko.halsey@yahoo.com
lavonnawolnyL,$2b$10$l491omNQ3Hlg3Fx4nAb46uK1Nsv59yVGo.cRh7FSN9mpl50wd/hiC,0,Lavonna,Wolny,lavonna.wolny@hotmail.com
llizamaG,$2b$10$7j5I99BgWHAnjGsxokNIo.RrIkFWLU1ioRdNcgJaoMVIvc6XWdndm,0,Lashaunda,Lizama,llizama@cox.net
mariannbildenS,$2b$10$honE/CUmgjfyfnTKKtZU5uLFauq9J4iaGiru.kO4yz3ebBcMLHjUS,0,Mariann,Bilden,mariann.bilden@aol.com
helenel,$2b$10$9UqOgAnPorujrq0IyrJpX.jMQwXBS4vq4lwGE87Ft3mOnkhG8KXLu,0,Helene,Rodenberger,helene@aol.com
roselleestellF,$2b$10$hezCsZsb4N0NAR0ShW56B.X0sq1dvAt.Z8TG8pkYJqNV1Wcp12AY.,0,Roselle,Estell,roselle.estell@hotmail.com
sheintzmane,$2b$10$4giyJBRXNlTwjKQS3QLQ8uWR6U.PhLhIRoWWXD6Aut579NXRM5fea,0,Samira,Heintzman,sheintzman@hotmail.com
margartmeiselK,$2b$10$740t/JU.45.M7efdghaKB.DjtE/jLG7oA5XcVQa3b7PeGzWc0nrCe,0,Margart,Meisel,margart_meisel@yahoo.com
kristoferbennickI,$2b$10$Ci9rBE6/GrgWVRTOLUfZQe9GWdJXTlg9JjsDD7n/6y6344aeTNWhi,0,Kristofer,Bennick,kristofer.bennick@yahoo.com
wacuffU,$2b$10$uzEFG42zjd9pJR/2U1lwt.i2ZFL1eYp06Byl8KVSLMMwQHc0ppsP.,0,Weldon,Acuff,wacuff@gmail.com
shalonc,$2b$10$jQanCfUb90fR.uhmDx4EaeInz1RJoR2l7k8hFmWBqr0BJYO42zsIO,0,Shalon,Shadrick,shalon@cox.net
denisem,$2b$10$X7WGvz14nXTnp5k7CsQq9.hZFywPTsIFwjxfobBaoPm09VOrhme.W,0,Denise,Patak,denise@patak.org
louveniabeechx,$2b$10$iJu9mRXyxW.8hQL2Zu3VG.DlanRFFhc/Lm9T5mdW9JraRe354NDJ.,0,Louvenia,Beech,louvenia.beech@beech.com
audryyawl,$2b$10$gSX.UXbDhq8Xoz85fyCx3eAnQJJuqoxBOcmY.ejSDANmmc6Yel2wq,0,Audry,Yaw,audry.yaw@yaw.org
kristelehmannr,$2b$10$cY0OlFND8GSKwZNGd26SleVzsRt9ROtmbCrv1ApNuzU7aaF3/PZbi,0,Kristel,Ehmann,kristel.ehmann@aol.com
vzeppF,$2b$10$6/fvrfuOk.da.30dkxDJyO.Pkg1wPWPE6BiQl0iMlInQ/7csEmiKO,0,Vincenza,Zepp,vzepp@gmail.com
egwalthneyf,$2b$10$kecn946JxH9k9QnBtvMep.0GPg9vRUeO8T2uGrUbtcV3u6.rJ5c/i,0,Elouise,Gwalthney,egwalthney@yahoo.com
venitamaillardW,$2b$10$vVK8x0h5k5TmnADDaa0EqeogP9q7gpwvQPHo0yEjamNFlREbWKjBG,0,Venita,Maillard,venita_maillard@gmail.com
kasandrasemideyQ,$2b$10$MCzo.H83LpfGZikBE0tMSOFQVdM8T.Bc/SDyNu.wDFfT4EZ/T6OSe,0,Kasandra,Semidey,kasandra_semidey@semidey.com
xdiscipioZ,$2b$10$3TMWCYLNy.25uZbuYcCfkOM710r/3tMhU1IZV8WpWeA38mV.ahnje,0,Xochitl,Discipio,xdiscipio@gmail.com
mlinahan7,$2b$10$dU65PLxhICS6GVO2iiaKeO1M4iEfLqOyK7y/5nu7iUyTSAVKghcrG,0,Maile,Linahan,mlinahan@yahoo.com
krauser2,$2b$10$ga80YR3zHoUSv0f/EB/1gumeu/poPkCW1wM2m7hCRNczKvIYxjEse,0,Krissy,Rauser,krauser@cox.net
pdubaldi2,$2b$10$MyphfGnlKwJZ.fSeGh206.EeJOyQQDOXLgrmeUotmgosnSHTEvk.m,0,Pete,Dubaldi,pdubaldi@hotmail.com
linnpaaC,$2b$10$1V3wpz66yE16U1k9A7U/puMHb7hFNwyXTXAtLca85uoIeU2S01mmW,0,Linn,Paa,linn_paa@paa.com
parisb,$2b$10$qviMPGcC6qRLCayc1HoLWuwUwPYs2MxiGPmcZzFBLPiACT/Rq.kce,0,Paris,Wide,paris@hotmail.com
wynelldorshorstT,$2b$10$9aA.nY4jRGA7MsLaV8PoBeMsl3iMVodGZLALH2jf/h9JZHKOR0yke,0,Wynell,Dorshorst,wynell_dorshorst@dorshorst.org
qbirknert,$2b$10$FpKrv3V/Ydiql7LhJESLI.Nz.dfambF2dXsMx6Mu62bgCsORWjHfa,0,Quentin,Birkner,qbirkner@aol.com
regeniakannadyg,$2b$10$aWOCaUSzRC72ZVmomSOwpuxMN7xDpFrck4MDJMXZns04CvkKH0eYe,0,Regenia,Kannady,regenia.kannady@cox.net
sheront,$2b$10$m1QYCTcVHZwDsZK4BVWqX.E5Ie5TDCuNWk/o0mj3hR/qFSE3i.6kW,0,Sheron,Louissant,sheron@aol.com
izettafunnelly,$2b$10$K8yZAwDr1.8EdqQMHCJ8ueAtcO5xB/ls3wEdPBTyiKRYCO3kt9RBe,0,Izetta,Funnell,izetta.funnell@hotmail.com
rodolfoZ,$2b$10$1GvVTeZuD4jm8voFFIjhx.XuC.tjoO5oPOMJvRNvux.cMb4xQ.Tge,0,Rodolfo,Butzen,rodolfo@hotmail.com
zonae,$2b$10$TUjucWzUjX0TIjwUtTsFh.rQuJBY.3lrt65tGb2oX6D6xLBtFsgD2,0,Zona,Colla,zona@hotmail.com
szagenI,$2b$10$W8CnIf.OveC1rm4O.dADq.vuOLYFndCda4zaGRu3ltHUD7aC2K6Ge,0,Serina,Zagen,szagen@aol.com
pazsahagun1,$2b$10$jP1QDwntTSkssTVqTkLbhOZWxoW5dd81e863RtulSQaSkkeVpEx1W,0,Paz,Sahagun,paz_sahagun@cox.net
markus5,$2b$10$DZhz2ReCbB3zbtZ8UUAOaOIxv68HDXEPr.wTpn8pCgaVQQ3DrhAAO,0,Markus,Lukasik,markus@yahoo.com
jaclynu,$2b$10$7.qe788xg4MvfF.Ob69xy.5Bha3RlEZNrCaf.9aEuHlY.TNhdau4.,0,Jaclyn,Bachman,jaclyn@aol.com
cyrildaufeldtQ,$2b$10$celiqwv6CFpgicH1q5QfNeMFv4Il/M4qXWrHIGk7iwJN.XiVOr7jy,0,Cyril,Daufeldt,cyril_daufeldt@daufeldt.com
gschnitzlerC,$2b$10$qORWA6ccYBuqUOF3wRUpa.DqhykyjuuLZf1yDoeV4UrbP3BSiq8fa,0,Gayla,Schnitzler,gschnitzler@gmail.com
ericknievasW,$2b$10$FmpSzIt.zMpHzes0ly3juOMTONbfn/v.dnG8VvyMec8gF2I1U3RfK,0,Erick,Nievas,erick_nievas@aol.com
jennieT,$2b$10$z1iT0Vrd18sy3C/l.jjSkOFjVise3jl8SVarq0v4viWlIa1fLw1Xe,0,Jennie,Drymon,jennie@cox.net
mscipionex,$2b$10$55MFKEUOdJOyd9LDmgLtpOrFceVAWHk1CZaOZMiRH8TzesoV.Ij7y,0,Mitsue,Scipione,mscipione@scipione.com
cventuraG,$2b$10$apkTHUkgDdV22ZnTreepZO9f4tJIFoEMeIiCJpi/88atOLagc6gMW,0,Ciara,Ventura,cventura@yahoo.com
galenY,$2b$10$1hCruryvd2uXTTKfJ7Ao4.kp4gi8ln/QVvsSFuNbqXsVtOBIN00BO,0,Galen,Cantres,galen@yahoo.com
tfeichtnerl,$2b$10$lwgLlweTWMmj6Z4RMiwiVO6FAsWuDKE2avvUAXblCRIjnjgxOteP.,0,Truman,Feichtner,tfeichtner@yahoo.com
gailf,$2b$10$pLBL4219bIkGhDQ0kmUvlOrrOua9DT7XjPoHYapKh7VMFm3q5eU2K,0,Gail,Kitty,gail@kitty.com
dalenee,$2b$10$Ruz084AnuMITtk1b6HCmreFRw0Z/rIAFu4FV9FtXVm/NAtWqnZlxu,0,Dalene,Schoeneck,dalene@schoeneck.org
gertudewittenx,$2b$10$PWicQvZdn9AH2ILZSiWLDuBxq8SvWR6M6ODXgzyful/eUdJw.viIa,0,Gertude,Witten,gertude.witten@gmail.com
lizbethy,$2b$10$W3hIsYvN2SPuSpY4xd2J6OgGK93V4Na2sXUletKaraaj0rc57uXpq,0,Lizbeth,Kohl,lizbeth@yahoo.com
gberrayw,$2b$10$IJAOYfUgDLe7PI33yru5z.vs7KQr5gjp8Xj4XxjNcP4aEb1sy0Cwu,0,Glenn,Berray,gberray@gmail.com
lashandrak,$2b$10$RypjizqDie.cMr0EhCz/3.eqQ8A01a.fe.7.h0NJKcSa.5nFC0Lee,0,Lashandra,Klang,lashandra@yahoo.com
lnewville3,$2b$10$yQAhrKDzgwVSdxBS6jEUmupgBUEWEgdPDIE7of.XKoD8T0kEhD1mq,0,Lenna,Newville,lnewville@newville.com
laurelD,$2b$10$SuV4Bit72VyBANy5rXsPHuoA.Eh9trTfj7dEj94ZAtAHN2m5TQC0O,0,Laurel,Pagliuca,laurel@yahoo.com
mireyafrerkingl,$2b$10$UeC4PuBwyQxrpVpDSbLn4eW7MELSzM6yFa1C8PeANLA6vKWmN/LIa,0,Mireya,Frerking,mireya.frerking@hotmail.com
annelleq,$2b$10$sDGSmXa/Znr.92dzpUv3kOJPo10WOM4Xtc3jY92RKWfGj3ft/wl3m,0,Annelle,Tagala,annelle@yahoo.com
deanketelsenk,$2b$10$9YnqBTh7BLa2UZAbat0lEezHlepsFJ/97EHKNPXCDWzxb9TgwXo4C,0,Dean,Ketelsen,dean_ketelsen@gmail.com
levimunis6,$2b$10$P2Lvgra6kVQaNtNO3j24K.p3AwQi4NSwe2ijJk0e5b6i8E4AmuFiO,0,Levi,Munis,levi.munis@gmail.com
sylvief,$2b$10$4e0IN5HyNabIF.vAFisT/u4hFjasgct7YZFBVQhUXCZBSg9.h7MyC,0,Sylvie,Ryser,sylvie@aol.com
shareemailee,$2b$10$aLBEyW8pMQk27Us9.0TdGOzBtx.gSo.y/IgFh9OWchawpH9JmHilq,0,Sharee,Maile,sharee_maile@aol.com
cordeliastorment1,$2b$10$Ao0Z6UVdE0EXMmojwTEp6eReRcjSISChjXtUYtDgphMsREd8FACay,0,Cordelia,Storment,cordelia_storment@aol.com
molliemcdoniela,$2b$10$f8lhniZRtsc4mxWblofRmOxe3WXzvIzVZtxAFLMgTECvDTdnl36cC,0,Mollie,Mcdoniel,mollie_mcdoniel@yahoo.com
brettmccullanu,$2b$10$NMB/7XGjq71O2fSSiakHm.TMsUFxbbujt3/odWb5D4LhTr/GHlxui,0,Brett,Mccullan,brett.mccullan@mccullan.com
teddypedrozot,$2b$10$B2gZY5Y/HJWKNEBvDHtz2u0SqGoNSX5i51e7rlov4oC6REdx8dvoO,0,Teddy,Pedrozo,teddy_pedrozo@aol.com
tasiaandreason5,$2b$10$4ZLVUKibU4D5HoApFiH/KeOV7Erhg8ZjaJvsSfyrjJ.uGt/sOE7Ty,0,Tasia,Andreason,tasia_andreason@yahoo.com
hubert7,$2b$10$oNtX2DPwjNOpIqNjryiokuUg/voQceG59fR2pK.DYUanHV05SgAMK,0,Hubert,Walthall,hubert@walthall.org
arthurfarrowu,$2b$10$crvZ8R7PmiZdb3EZDHsmk.FxpJrsDTJuUFhKJNgXAMnCk7PB/A/mO,0,Arthur,Farrow,arthur.farrow@yahoo.com
vberlangau,$2b$10$VCUmezSzlVrHm6TW9wz.DO8mMk5YwEcpqV88M5VzhET4dTalBwsim,0,Vilma,Berlanga,vberlanga@berlanga.com
billyemiro1,$2b$10$C.0dgJCK6Ko4SdzsL6IUdu78VcXSkpRnP2eauiUzrSl15pa.If8cm,0,Billye,Miro,billye_miro@cox.net
glennaslaytonb,$2b$10$pFwiWAZDYSMEOdVYx3LUFOicyqgQsdKdSp9oNFCngW7FrfGsG9NBu,0,Glenna,Slayton,glenna_slayton@cox.net
mitziehudnallm,$2b$10$GBpmw5E3rMYb0v6nE/5OceNbKU4iPRsGvOkqVPxSFxEs7kyna7zNu,0,Mitzie,Hudnall,mitzie_hudnall@yahoo.com
bernardinerodeferd,$2b$10$d5l2QVrzKSmPseypiY8fEuTYcDOdI88XJSdkLINn7xgmzUhhfn6Dm,0,Bernardine,Rodefer,bernardine_rodefer@yahoo.com
stacischmaltz5,$2b$10$zQSFKu5pZyZZMmYTxwznFusDbVXxkuR.UeaYCwQJGKyBEF4Mrf78W,0,Staci,Schmaltz,staci_schmaltz@aol.com
nichellemeteerB,$2b$10$6zomxmxjJkhZu0iNceJVLOfohPkMwN6eMBcoVK93Tsn64IdICCDPW,0,Nichelle,Meteer,nichelle_meteer@meteer.com
jrhoden0,$2b$10$fv8a9rcDysTqkY9z14cn3eyR1CUBU6r.yAWv7WiAPduMn.D6nD9G6,0,Janine,Rhoden,jrhoden@yahoo.com
ettiehoopengardner4,$2b$10$9NfP/9wv3Jua1CvKsx4aiuO42Da5V5irGkABsZOZIeCDdJx39DyO2,0,Ettie,Hoopengardner,ettie.hoopengardner@hotmail.com
edenjayson1,$2b$10$4cbIEHr7rqw.7/EZmvrh4uzUUYDreg6XaKsHJBHxCwpsr8dT/Spl2,0,Eden,Jayson,eden_jayson@yahoo.com
lynelleauberS,$2b$10$GSqBiQmTHk7eEVgzpB2rbexajL9R2rCDXKBfp.YRb2ShwxdqYpfIi,0,Lynelle,Auber,lynelle_auber@gmail.com
merissatomblinh,$2b$10$QoU8sDtYQ5dxElWHpnCufuuIb95JIdkb4k8j4sj0DJ5H9T6kK7inS,0,Merissa,Tomblin,merissa.tomblin@gmail.com
goldakaniecki5,$2b$10$ekaseISnPGFpnZcPAgym5.2hEa0EwVaLi4H3Q101IUH9MvFEtMq2i,0,Golda,Kaniecki,golda_kaniecki@yahoo.com
catarinagleichb,$2b$10$p/ADUqB8knHUQT1MJhXtleUvdIBX3F5ucrkaZZLJnNYmJrn1s6ZEi,0,Catarina,Gleich,catarina_gleich@hotmail.com
vkiel6,$2b$10$6IpfBfDxvM10RNb9KMcR8OmjIO4YE4KZr9QHUI/XV0ixRs2iLd1za,0,Virgie,Kiel,vkiel@hotmail.com
jolenej,$2b$10$2kGdBPSrL0Xttm5ESwCTrelS7Y8jUyXr/lcoL23fgoSTOdl8zRRRy,0,Jolene,Ostolaza,jolene@yahoo.com
keneth9,$2b$10$SWq2S/JCEfC5vzcx3lgfQeIzxUtny7JTbmPhS.rzjT8Lf24UQEAZa,0,Keneth,Borgman,keneth@yahoo.com
rikkiU,$2b$10$0NhqIeADq/xjMVvfaDxEQuEJ14fbkU8Y0x915PNFPbGSXchh0OmEu,0,Rikki,Nayar,rikki@nayar.com
elkesengbuschr,$2b$10$M4xcT7DqG0sd43iEpEefruX2cumDWWl.8SffCEd6svCF7c.Ell2Je,0,Elke,Sengbusch,elke_sengbusch@yahoo.com
hoaH,$2b$10$.2WWjLRQ9uWuJHiveDFfRucqe8xItnn5qWDMNB2.4N2FCWTOYUqAC,0,Hoa,Sarao,hoa@sarao.org
trinidadmcrae2,$2b$10$pmEsOjCrWLe8vWRSDu6qWOkRjXTJ5huryJ0IBBcmthsEXqAxpfUkq,0,Trinidad,Mcrae,trinidad_mcrae@yahoo.com
marilueckenbach7,$2b$10$2IJh.AKF.yeKwPsr6DUnRuoRqYk8pUijZm5avJYWgPjczP8QtFC1.,0,Mari,Lueckenbach,mari_lueckenbach@yahoo.com
selmahusserX,$2b$10$3gIAO4CyPuve8q2GlUHGAeY5h7GUPDFnVgbDG4JANHDRB4UY7pZdO,0,Selma,Husser,selma.husser@cox.net
aonofrior,$2b$10$GYsZ9/gV5x2krvzZ1kjg8uOIli0khnr.EfCwT.lrTb9YF9mwANBtS,0,Antione,Onofrio,aonofrio@onofrio.com
ljurneyw,$2b$10$jihW906lmJkbjfonEPP16.w/ZWa3pNDAAzP7q.zI46jTpMOzBvMHS,0,Luisa,Jurney,ljurney@hotmail.com
clorindaheimannk,$2b$10$FRKsj2T2yVxQPuoswpFhwuronYiIwBR5w2/rCWHW1o0dr7mLrF4ra,0,Clorinda,Heimann,clorinda.heimann@hotmail.com
dickW,$2b$10$KliS9nEWBVmM4eugZx0QuumADay.cX/mvAJsw2DniMDYZG6Iccd7a,0,Dick,Wenzinger,dick@yahoo.com
ahmedangalich5,$2b$10$mF0JFpvo9Gdu6.KYk2zIuOi0r95RfdkHvqpNwqpOan2Ihi2f3bfXK,0,Ahmed,Angalich,ahmed.angalich@angalich.com
iluminadaohms3,$2b$10$MQVSpL2lH/DECbptP6OssOA4Jh5yiU3Pvndxa.AlPv35kQ5KL.Xpi,0,Iluminada,Ohms,iluminada.ohms@yahoo.com
joannaleinenbachE,$2b$10$MXTDdbd4YzM/YpeTT0Ew0eryFdYl.NPBOavPPJoRkbLSuVfEJnNKa,0,Joanna,Leinenbach,joanna_leinenbach@hotmail.com
capriceX,$2b$10$FNEKjjbwHAwrVr7pkG3mNuecw3hGOMdo0Ajt7J05Wb.t75iBBx/ja,0,Caprice,Suell,caprice@aol.com
stephanemyricksH,$2b$10$iUuZmpEJ3zZdOyaJuoiERevsNkQs9XAl2cC323ve3KnH2Kt3rYgG.,0,Stephane,Myricks,stephane_myricks@cox.net
quentinswayzeX,$2b$10$DqtWmC3mv.hKKS2b4zoGYuhJAda/lt2h5g6FkcbucAkpgczCfb.NK,0,Quentin,Swayze,quentin_swayze@yahoo.com
annmariecastros4,$2b$10$/7E4hEruv9YfhiMiumAjsOa3m1FnaxT2SjGIStA4AWmdiMGJQmL6a,0,Annmarie,Castros,annmarie_castros@gmail.com
shondagreenbushz,$2b$10$9YZbgdbx5IfTqNnTwnUwDevsNpkxly6MKkYoXM2G7jtyyIO562v6C,0,Shonda,Greenbush,shonda_greenbush@cox.net
clapageE,$2b$10$ce3GVI1b9SvC5C3epSPx3euRW9Noqk.Ng1/DBZ2V0Sp9GSUISjdGG,0,Cecil,Lapage,clapage@lapage.com
jeaniceclauchertyQ,$2b$10$khFl6SPo3/BecGnVJ4c7A.TiY6olVe454Od/22LF8p.RpTVAW72SG,0,Jeanice,Claucherty,jeanice.claucherty@yahoo.com
josphinevillanuevaq,$2b$10$Mo30eTPLVM8KEkrXaT3JN.oD0MFsBZ9safwcSToVkzBZyjASEfMRa,0,Josphine,Villanueva,josphine_villanueva@villanueva.com
dperruzzaQ,$2b$10$4NTBoamcxWbPbLTVWmTLJeOer/EOkpFHDNA/3Ixi7iqa.UqeNXtWO,0,Daniel,Perruzza,dperruzza@perruzza.com
cassiwildfongR,$2b$10$jf1q5SJvXwzUbfTFtP3DSee0YRlm8hK9n3X/1.WghJl5qUctUK85G,0,Cassi,Wildfong,cassi.wildfong@aol.com
brittN,$2b$10$41mvg9oEqM2o7mZfj4ByNOWno0u1dUqmvZ5u/Oq4LqTVQ/nO3HpIi,0,Britt,Galam,britt@galam.org
adelllipkinI,$2b$10$elt4J/r7EXiPVp2EnzItcOaEzhdzj2M3MuyRqAkWWlxRhqPU2.g9.,0,Adell,Lipkin,adell.lipkin@lipkin.com
jacquelinerowlingS,$2b$10$GTOTNHUSm3wSEbygDnPv3OiNTzDd2huRhFfrG2Sw.nw.USxhXv8hu,0,Jacqueline,Rowling,jacqueline.rowling@yahoo.com
lonnyweglarzr,$2b$10$11Es5nMpkTFkQtH474xDNOfbjTCpzW0bQNxHPBxjfx9LkJbqY4SAm,0,Lonny,Weglarz,lonny_weglarz@gmail.com
lonnadiestelK,$2b$10$6MwoKAssFeDK9WDzRZIaROozUDXnnNBIuluZtnTNGhvQB9KBLcXkW,0,Lonna,Diestel,lonna_diestel@gmail.com
cristalS,$2b$10$y3WZjsnzDhiqERtrUOLpqOnsPH4peSfD.WLVz4TWfsg1/c7jAQh0q,0,Cristal,Samara,cristal@cox.net
kennethgrenetk,$2b$10$P8QW/.wgM.e73VvF2Yp2yOmCJGyXiQ9vHVW6urDLqTQS/OGx2qIGO,0,Kenneth,Grenet,kenneth.grenet@grenet.org
emclaird5,$2b$10$otz38cqIErXNZ700XiRnPOn2WT4VF9msu/K.W9ZD5vyCeJHZCyAty,0,Elli,Mclaird,emclaird@mclaird.com
ajeanty8,$2b$10$X1opK/4w8i4TDk3eWrLdUe7JSGLFFjl9h9/WY1iiRNE1ZICyiSLda,0,Alline,Jeanty,ajeanty@gmail.com
sharikaeanesp,$2b$10$J/gFciNgO.cwAm9FJywHxeLvfdQuf23l/b.MX4a.Fewrfxsd.VAee,0,Sharika,Eanes,sharika.eanes@aol.com
nuZ,$2b$10$3oR29ti95raB1QdQyfGB7Orad57FJ3e6k0uX4NGitZ5sMXCNmULR2,0,Nu,Mcnease,nu@gmail.com
dcomnick0,$2b$10$PDGiWU1QjR4tHKEvuLLZs.S9jjQvnWNQyrOf6gmDJ05nOuQbIgTV6,0,Daniela,Comnick,dcomnick@cox.net
ceciliacolaizzob,$2b$10$dbJMVc04t8Mdwq2DECOkAOX5OE311zDxzCWRKWQwrHLCSiq3h6ZEG,0,Cecilia,Colaizzo,cecilia_colaizzo@colaizzo.com
leslieW,$2b$10$fs2EIhZbOwI5ebwg7ptTmOJHU9oYwh5inukfKsbUz3p/tty551OIG,0,Leslie,Threets,leslie@cox.net
nanr,$2b$10$W6RbZiQ72G2xqU1ElIzkqOonczhokyfyj.fThuBj2arhhfdi2kGq.,0,Nan,Koppinger,nan@koppinger.com
idewarH,$2b$10$0zNTJrHjsO.KF7wWMtND3O16isUoaCe.MzuzMD92wRyzSCLDV7CEO,0,Izetta,Dewar,idewar@dewar.com
teganarceod,$2b$10$Eg/rBQxbjrORedu0jq1HwufScgvjZqPaeDlwxh.x05bDthZWDA9GO,0,Tegan,Arceo,tegan.arceo@arceo.org
ruthannm,$2b$10$IlZsqrkklKrfAYcdFFtV9ONKfCG.hJobnwJTPvOdj9H0O7MAlVDNO,0,Ruthann,Keener,ruthann@hotmail.com
jonibreland1,$2b$10$/3D6se6t9JgALHlqF3Sx.OsLD.avo1lrMtZnk0LOYmcaxUfj6JK2q,0,Joni,Breland,joni_breland@cox.net
vrentfroQ,$2b$10$nR2rpvNG6WGj07rmnXJbMeVfF1MnkQqwjXBAxfsKO14yO57yWtsBO,0,Vi,Rentfro,vrentfro@cox.net
colettekardasu,$2b$10$J0bRyM6UVNj57gcKckejwu2VNxm78Fw9lDrrMUnS9ruDxpuaH/UaS,0,Colette,Kardas,colette.kardas@yahoo.com
malcolmtromblays,$2b$10$DDGxhcPZpufXfAggL/QD5uxIqg.IqW82jcy2k7.oyVf6mijZuGTk6,0,Malcolm,Tromblay,malcolm_tromblay@cox.net
ryans,$2b$10$Vw2tH1FRIbIR33QJPgYhw.9cWyQIVr/oKaUjj39h2D4OQM5iSY93a,0,Ryan,Harnos,ryan@cox.net
jesschaffinsq,$2b$10$d.6CsZBs.Bgw1gdxGXuwzOARa1z7yS2hhFh93sA1GBk7SPQnuLI5y,0,Jess,Chaffins,jess.chaffins@chaffins.org
sbourbon7,$2b$10$DDFdchu/Eh9KjnDJH26kMeLIHWvsoMm7mmhBh/uM6aLkqOIY2Pgoq,0,Sharen,Bourbon,sbourbon@yahoo.com
nickolasjuvera2,$2b$10$KJaE5w1VHB8H1rupqM4PJ.LylWy7JmIJz68178RTq.CywG8I8O5Zu,0,Nickolas,Juvera,nickolas_juvera@cox.net
garynunlees,$2b$10$sGFDB1ij1YvWarv9/tyUn.SqzW3w3b011ew0ayo0dYWjJizDIQLpq,0,Gary,Nunlee,gary_nunlee@nunlee.org
dianer,$2b$10$.Ec1zgw9UoCl9JUkPwZtCO84P9Sk83hCATMDMIx40Dn5DV8K9OpjW,0,Diane,Devreese,diane@cox.net
roslynchavouss,$2b$10$HE59zKMqaRu5mgFTj4Kgp.N/K/juG7o2WEjFe5keolXdiUs2gMyr.,0,Roslyn,Chavous,roslyn.chavous@chavous.org
gloryf,$2b$10$CF0R6EGjjCG20Fd20X9/uumprxhZQRXwUBjLyWzCs3652tDkRm/RO,0,Glory,Schieler,glory@yahoo.com
rasheedae,$2b$10$NlWCcKI.16f1/whWxFUtO.p2GpqoI/7jf6FqjJHJH6kAuyCUjM7ba,0,Rasheeda,Sayaphon,rasheeda@aol.com
alpha2,$2b$10$KR4Rq2XjWUG0Pz8uSLCfZeHrOT5Us0W08t9B1GcHCgK/Ptyr76NKG,0,Alpha,Palaia,alpha@yahoo.com
refugiajacobosq,$2b$10$GZsNTsi5r6xWI.ix.K3qgef/rwoOD5vunm0KeI9FzCCyYjDxIhhEu,0,Refugia,Jacobos,refugia.jacobos@jacobos.com
shawndayoriK,$2b$10$pTek/DJJlPvoZ6.7eTnCP.jKzFaj05/XMMTTFrYUCYsX2mGG0tRES,0,Shawnda,Yori,shawnda.yori@yahoo.com
mdelasanchat,$2b$10$v1ISsyqq80b5oIfCHsi8n.HMM59Lj8MV4FTa2CLuP5aqYa6HPDzxO,0,Mona,Delasancha,mdelasancha@hotmail.com
gilmaliukkoj,$2b$10$C5uLx/nVfG020imdfcs9buTQNsJiwNyoUYbg0rPZTJobWwYp8PHda,0,Gilma,Liukko,gilma_liukko@gmail.com
jgabisiz,$2b$10$5WMezQEiE8vP2zYhtksgoe2Jy8wwhJ6wBFE6cm.7ZRr1eQ9Q8hyCG,0,Janey,Gabisi,jgabisi@hotmail.com
lilipaskin4,$2b$10$SPHu8s1yaI.sfIBz1UWbjOZuDdJGh0rO7nROd3c.8QC2nR.E4/4kq,0,Lili,Paskin,lili.paskin@cox.net
lorenasarI,$2b$10$diYtznAbF5czyB0J4S8JqeJGVWRaU85N2YhjhnqTB3TundxRbHHnm,0,Loren,Asar,loren.asar@aol.com
dorothyJ,$2b$10$sqCMHJYHq/UxbIgLcB064udFPSZgDL4x98o3pWgyU7uaFm9A455CG,0,Dorothy,Chesterfield,dorothy@cox.net
gailsimiltonW,$2b$10$JD8lLylN9GP/voyO37H3ZOkBoiuGDZgwW8yqTaqzwTMOkMofkgbxK,0,Gail,Similton,gail_similton@similton.com
catalinaU,$2b$10$OPw8Yo/1Nv5rDKfn9Xz/ReknSGYLiiMSeYUsUuwjn3b2E93STnMO2,0,Catalina,Tillotson,catalina@hotmail.com
lawrencelorensa,$2b$10$YzzF1G9AJOuMuXASvYZxYuZv86xomXuZwpPa9u0CDD4V4krwVHQn.,0,Lawrence,Lorens,lawrence.lorens@hotmail.com
carleeboulterx,$2b$10$7qMqMoIu64sAp9Ppt6xmiudQN7MQjRe8DSl.bIzx0Y99DlZIt8jcu,0,Carlee,Boulter,carlee.boulter@hotmail.com
tankenyP,$2b$10$vxBsG1KCmz9KxjZPzdbgY.u3hBsFV1B0ToBcugH2X185ROE2Q2gDi,0,Thaddeus,Ankeny,tankeny@ankeny.org
joles8,$2b$10$kOsrhLAeq7buZn6723ukl.cnDXVo7SgPozMJWSf0itEbnXWY2FGa2,0,Jovita,Oles,joles@gmail.com
alesiahixenbaugho,$2b$10$gpNP0w8kIkDVn/jOE49PrODlESgWLZu8ImTuJA8BKoocbDpW/HYGa,0,Alesia,Hixenbaugh,alesia_hixenbaugh@hixenbaugh.org
laix,$2b$10$gyyrnwEOM3O5K597.w9truxti9ldKbtllVnJuHF9fgEeQ6Y2WuU/K,0,Lai,Harabedian,lai@gmail.com
bgillaspie7,$2b$10$QvdO7GpTqcaoGLjEQJNkvuJK7bQGebulw6oWEPa0gxlYWV3IYI49G,0,Brittni,Gillaspie,bgillaspie@gillaspie.com
rkampaY,$2b$10$0s2Cn1wVz/KCK5BBwCkbW.5Riz89zYQlgyMWqiY8SpPPR9qnvPgn6,0,Raylene,Kampa,rkampa@kampa.org
flobookamerA,$2b$10$iI2ihDpMdMSNH9gnEvLnNea58VNxKgGgN2vUFbS2uU9irDfHdrFJe,0,Flo,Bookamer,flo.bookamer@cox.net
jbiddyM,$2b$10$GZc2psyw0nb94V4PYy9QcO1JYO1byss8wlEYRdsziuLTuskNZGD1W,0,Jani,Biddy,jbiddy@yahoo.com
chaunceymotley8,$2b$10$XIgjG3/NamDc6Qcp5K62Puvx6bm9ZHw9Vg0pwcOZwXvaMmOUMzRP.,0,Chauncey,Motley,chauncey_motley@aol.com
atomkiewiczQ,$2b$10$iv0PwW8/ugYBciXlgX2AXukNooywPjyvYuhez1zX4MjZr33fqmwFm,0,Aleshia,Tomkiewicz,atomkiewicz@hotmail.com
evanzigomalasC,$2b$10$6gsN0O2rys1oFvk5EhBde.tT4LhqqNVRglFjOmqkaVbfZ9QmxJeg6,0,Evan,Zigomalas,evan.zigomalas@gmail.com
franceandradeA,$2b$10$r4mbbZJc6UX8eRExFban1eK06/ne6iNPhMfJO6pFbsrxK6X3Wq0tS,0,France,Andrade,france.andrade@hotmail.com
ulyssesP,$2b$10$Ek2NUipoxmT5OMSx7b2pIeyU53V2X3KGsSeJNOi3Ovy8o8oGpIcQu,0,Ulysses,Mcwalters,ulysses@hotmail.com
tyishavenesso,$2b$10$smBgPfaLYy7/kylls0gR3OA0oMSlZuU4Nsm7NYgTlBs7P1q36Wtia,0,Tyisha,Veness,tyisha.veness@hotmail.com
erampyc,$2b$10$9ks1RSl1.xien01PlhqyUeVKxbxL/DRcKDmyE.nvMC3hUQ2EmI1je,0,Eric,Rampy,erampy@rampy.co.uk
marg0,$2b$10$MFjj35cbGDBbdwZ79RdRUu3klMBjirHkENaPAzIn/zUPZyvZhwrKG,0,Marg,Grasmick,marg@hotmail.com
laquitam,$2b$10$5oqA9MAHwpEuVPP//bWxeOaut/JlaBAdP8SalPEzmYCyVKwZrSOlC,0,Laquita,Hisaw,laquita@yahoo.com
lurad,$2b$10$8VN0j9wGb3SsLO6hL0CVvuuYx61KQWDTFUoSy8m575rVgWm8RH/NC,0,Lura,Manzella,lura@hotmail.com
yuetteklapecs,$2b$10$IZVgqiRr6YFTSt3RvVMqVeQkaemMESeuctwzI2l2g8eq1ZEFJzcVe,0,Yuette,Klapec,yuette.klapec@klapec.co.uk
fernandaN,$2b$10$Dbdk5Hc4vOGJT4qg7JMTie7jJR/5d.S6rAc1XY3mTUViH0aMdO/i.,0,Fernanda,Writer,fernanda@writer.co.uk
charlesettaermx,$2b$10$RsZ8rq1qQDON5Rz12Unkz.8x25gLA6nCZNhfC55dsScuS33ZNdlyS,0,Charlesetta,Erm,charlesetta_erm@gmail.com
corrinnejaretb,$2b$10$WBxJ0GsrGzC2FVk0Zod.u.6sfEo9p1buZupz.jheS4BfkXcZXoVEi,0,Corrinne,Jaret,corrinne_jaret@gmail.com
nieshabruchl,$2b$10$PZSCFE6tPYnvMujd2IqFC.eyCZDBoXLs5iMq/FfNm9DJe42rVFhPa,0,Niesha,Bruch,niesha.bruch@yahoo.com
ruebengastellumF,$2b$10$vBiRccMIG9SrA2ilKfrtDe/DyPMoLmPPuLbjunjH/yWOXAuBApspi,0,Rueben,Gastellum,rueben_gastellum@gastellum.co.uk
mthrossellA,$2b$10$4/rFxQ.9Iz9dANYIpawhFOReyJ1thhaiRQHEnwDkMcdF9BaDws4xO,0,Michell,Throssell,mthrossell@throssell.co.uk
edgarkanneS,$2b$10$kIS81wzkJ73q6fGzpFoj0uQkXoGBp3x/3t.VQqwchsNGEyOttTcgO,0,Edgar,Kanne,edgar.kanne@yahoo.com
dewittjuliof,$2b$10$DTMlSqQLqAiYR3F0zwcdK.2/AShJsrf94Vxg7IVkTukZLFG4kvO5C,0,Dewitt,Julio,dewitt.julio@hotmail.com
charissespinelloG,$2b$10$dkP2SdurhW2vkvbq0UTXC.9DgVJE8Mx7hxRjyVBezk/luT/sd6/ly,0,Charisse,Spinello,charisse_spinello@spinello.co.uk
meelapinskiK,$2b$10$RgGM6zdlHtgeqqGBmGU7cezztgIG5e.31dc1r/.wCuatE6tfyl9/S,0,Mee,Lapinski,mee.lapinski@yahoo.com
petergutierresJ,$2b$10$EXLbDUpdM0mWCztTtOyjsuMkppWF8Ek.0HsF1DQuwvVFzTBO5cFlq,0,Peter,Gutierres,peter_gutierres@yahoo.com
octaviosalvadore9,$2b$10$w79pCqZwHAK/y.unG8TOGuBpBym7FzNKXAem3qnO3nDhXHON7T/Pe,0,Octavio,Salvadore,octavio.salvadore@yahoo.com
mteplicaE,$2b$10$MXR.T11SAz.TlKAknzRCF.x7a9iQm5nsLz3spehG3r2DQv7KKsO9O,0,Martha,Teplica,mteplica@teplica.co.uk
tveigel2,$2b$10$O0YeklLINgOWKr6a5vNve.fEZ9zCtNEuHs7diauGOCSQ7D9IV62iG,0,Tamesha,Veigel,tveigel@veigel.co.uk
tesssitraZ,$2b$10$e0nXs.ENQuFIWQeZCfY8SODFlr4tO2kYsKWKud8FRndYZLdBnKsju,0,Tess,Sitra,tess_sitra@hotmail.com
lkufnerN,$2b$10$NC8cDjNaxtvwk9.g1ZWHj.TbcujR8qQYulDlfr9/UKJ/lKV6lgC3O,0,Leonard,Kufner,lkufner@kufner.co.uk
svetlanataurasd,$2b$10$01AHZevaA4TnXas6VSBQLu16rjsrsE1OdYJdkq9FPJk6G1p/gnqxm,0,Svetlana,Tauras,svetlana_tauras@tauras.co.uk
pok2,$2b$10$hbj8C6hoCN5E89nf0STe..mCal2p4o12jlrW86eXLnUOySR94JhBy,0,Pok,Molaison,pok@yahoo.com
augustinegrowcockU,$2b$10$YPdQerIEcde1J.zr8espEOB6.ud2Q25/UGQwgm9D.53QD9OXpHLqu,0,Augustine,Growcock,augustine.growcock@growcock.co.uk
kquartoh,$2b$10$fUwSQhttj2QcAQ0XRM6XmuNloYklxZ576kjXKV47BDvgx7kiz5AlW,0,Karma,Quarto,kquarto@gmail.com
reedweisingerO,$2b$10$Kmg.nafz4hh4G36qxdSg0O9Ks7VJnQlNOmDkIc.tbdPJxY51DxDD2,0,Reed,Weisinger,reed_weisinger@yahoo.com
germanz,$2b$10$Uz1fSLbmBE9XglEV64QZD.ivCCXMqBsZDMRPMI2pQ10QeYzCZVM7a,0,German,Zelaya,german@hotmail.com
millyD,$2b$10$ijPIFkj52Lj0vLH/mTBq9.UuIAFX1jfXWG9l/rysTYs2CZA/A7aD2,0,Milly,Savidge,milly@gmail.com
luisQ,$2b$10$SirRU9w6gwewjVnCElT/WOU0/JLe38RT3MueLM13ObnjqAZAKrbd2,0,Luis,Ear,luis@hotmail.com
ciaracobbleyf,$2b$10$NRey2y7kX7o9gN1WbEeEduRvIRJwDIITI1VLdcG33g1YFmLOOyx3S,0,Ciara,Cobbley,ciara_cobbley@hotmail.com
aletheaJ,$2b$10$MhqEk/YH2atlGUtexY.tc.mBEhI4aowpXe.gnCKYYfrBTRcvQNASa,0,Alethea,Mould,alethea@hotmail.com
mloperfido5,$2b$10$HaOBRJSgGvlLjtlATjMroe40dMuAXMsw1CGl.Fn44IsLtDjpPvZ9i,0,Margurite,Loperfido,mloperfido@gmail.com
verniceU,$2b$10$kohlJam4dBSnqS8to0Rz2u00ysInb5lN3Mqek237p4z0bRRZPy69.,0,Vernice,Sperazza,vernice@yahoo.com
vicenterawicki5,$2b$10$fBSbaDDTcmM/HC7Fj.TlPeand0HWgo3IW3sEpp56ksulDW4Mr9nGO,0,Vicente,Rawicki,vicente_rawicki@hotmail.com
craig3,$2b$10$s2r3fpKcunem4jfuhtEn4.2cfl6jvpXs3yP8OKIwXvOG5OvFpHqKy,0,Craig,Cua,craig@hotmail.com
jenisedulleZ,$2b$10$Q9y9cDPolR5UIjahJ53V2ePQa8AmhpOfkzYzs4CGpGkf60drhg2l6,0,Jenise,Dulle,jenise.dulle@hotmail.com
marylincornelison4,$2b$10$qqU0h9DJJqUIjfDWI6NbUeFeRYDb9lsc2JieN.6.VcZ2Ha3YYH736,0,Marylin,Cornelison,marylin_cornelison@yahoo.com
mgunstS,$2b$10$zZxq6TsnSAYYV3gXag7qB.rmCf5IoNqLQHFr2hlWBbxA8aNiJyuEK,0,Marget,Gunst,mgunst@yahoo.com
abunselmeyerf,$2b$10$yTGERzS2QCe/GqIwqM1V/OGIREqXc2uwqyP81oYMt3j4pNwnWYfOC,0,Annett,Bunselmeyer,abunselmeyer@hotmail.com
kipturziano0,$2b$10$KaqR2wx00KlZ9i1IApRFOe7lyNeUOkGPBrTPmSMaCcMsgSMOtWqlm,0,Kip,Turziano,kip.turziano@yahoo.com
melinaW,$2b$10$Lz63Q.duOGwKYq65WyfYoOtVOLp9BByEgHxqxLKSIo1Sprm.MWLfu,0,Melina,Orizabal,melina@gmail.com
tclapham9,$2b$10$oVGDmMioNcjTo21bh0k8gendIamEnLvmEhBVR2aACKTayRILxo2Pu,0,Tina,Clapham,tclapham@gmail.com
ldevereuxS,$2b$10$60ai9LZPiTSHMoipo4SIsePiYFCr/rql76YEfGkSyM3Mo.47aULka,0,Luisa,Devereux,ldevereux@gmail.com
paschoff1,$2b$10$XzCPFUrtjiPTOY4R0UMkvOJonhZlpA4xodHqQal.4CZ/V1dpjpdI.,0,Pedro,Aschoff,paschoff@yahoo.com
carrolkunimitsuX,$2b$10$d5Vu.Lwo7V1w579slsRQBetHgJmubcLnQMdzcp.7sA54rsIZzIE7y,0,Carrol,Kunimitsu,carrol_kunimitsu@yahoo.com
albab,$2b$10$frKURdSvHFqB8jec1mj3ROQlvekBv/QhSPK0.pUEKTP.aFVChdBB.,0,Alba,Mosseri,alba@gmail.com
domoniquef,$2b$10$UDVkN/h4VB2DtK3maQNM8er87IbaZ8nM1Awnf812Ua3Ji7AwD4zPy,0,Domonique,Sandlin,domonique@hotmail.com
roryneufville8,$2b$10$0YRBTrUFIMTwVjtSXnanlOVatdQSC2MduiRw9xJ87VZykLdn9wUSy,0,Rory,Neufville,rory_neufville@neufville.co.uk
dklingamanR,$2b$10$AdYngVXefAfyJVMGt0gzgOTCrjnaoLFc0zIKmEdqn67jbQmd/NaiS,0,Dustin,Klingaman,dklingaman@gmail.com
lyndiamoonshowerK,$2b$10$WHmZM7zdIi7O/fGqpYi7Xu3IthxXZz.mUKI48JMwp3oDbmhMcc7Wu,0,Lyndia,Moonshower,lyndia_moonshower@moonshower.co.uk
julesr,$2b$10$J7jPrQoWLMQIRliD2yzvneEiZJMZOCXhp/MrGZEwvC4qN7waTapPO,0,Jules,Hiltner,jules@yahoo.com
dkopczynskiC,$2b$10$uA0CUXpehQhGFk3N1BAvoOjqF/sPWzA7X8kmCWQuXbwXEAl9hcuaG,0,Dong,Kopczynski,dkopczynski@kopczynski.co.uk
justinesaltaB,$2b$10$29UereUAPk1H4hjQlke2CusstCP0JWU/rxt/fEfKJiAixQ4zQarMe,0,Justine,Salta,justine_salta@yahoo.com
ckamensy,$2b$10$Gs75f5bIPCVLL567.rTrTOKjSuoMKbLbHQ8/rONdboD4P6Y1tqey6,0,Chantay,Kamens,ckamens@hotmail.com
tequilachisumr,$2b$10$tw7ev8g5O/VIygKF/hvfH.yhY1IpYdJS5SshrRqydCV9K09Z9/sCK,0,Tequila,Chisum,tequila.chisum@chisum.co.uk
mconsolazio5,$2b$10$iVxc27m0v6F2nam9rNULyuDL/nKhdTm8d8VZmbyrESx8N1PbfYQ7K,0,Maybelle,Consolazio,mconsolazio@yahoo.com
margarettc,$2b$10$6X.mt/b8sP5lyLtr1ysrNu4lENpAc/uB5Ow6kVpz4p5UBGMSTr5eq,0,Margarett,Bairo,margarett@gmail.com
jnoononj,$2b$10$2ZBoR53cU279lp92iHAvQez1wPPOGqZv4P1HFsWC3mRZgruTJdJ9W,0,Janessa,Noonon,jnoonon@yahoo.com
solN,$2b$10$t0gFNVRcsJW5lxW6ajTFyupL48xgBifK1rALBR8OxipMdPftC8VNu,0,Sol,Cowser,sol@gmail.com
louannY,$2b$10$sbkpUJoY6x.Exq0c.eKjwOT4EgBRc5BqczKD7yEqdNlg8n7KM.Nh.,0,Louann,Smethers,louann@gmail.com
lindsayyadaoN,$2b$10$BTkhGG9fzos97Jyw00sCbubv1I0GTrXB843P36RJErkpNi18vCU2y,0,Lindsay,Yadao,lindsay_yadao@yadao.co.uk
malikaP,$2b$10$ajhVCJdgK3EoxChm7CxPj.9wIguwjYEfmAJBNEUY19PrTx5Y9ZhyC,0,Malika,Hanton,malika@gmail.com
stefanyf,$2b$10$Z4YzqSBlVKDUfBB/gWTyZemQvfRA1f8b9aVBSUNfjReANYEWFDf6G,0,Stefany,Ferenz,stefany@hotmail.com
acratch7,$2b$10$QKfRi0eQ2iOEBpRj52oTn.9sGV51kmtJLJH2V3iznn8E1cG0JQ48C,0,Abraham,Cratch,acratch@gmail.com
giuseppe7,$2b$10$S4bm9p4d2t0uJFR5dulMf.N3HuJY3QC0pVlvNdUlf1dlsVdzGVuai,0,Giuseppe,Rohaley,giuseppe@yahoo.com
kbassil0,$2b$10$FTnNnsREyFzD3Sugpe1VZ.uHIAA.mo.fe4148PxVIooRU49Wyw81a,0,Kiera,Bassil,kbassil@bassil.co.uk
wendellrubano5,$2b$10$NtQdwoH4R06jUfHfn4TkOeYa1yf/dN8II8qxyOhS/lgH5MxhQOpZW,0,Wendell,Rubano,wendell_rubano@hotmail.com
steviestifflemireY,$2b$10$0OTHMQiFrKzmIR.iro5VbOn4wM45GvlGx1hMXB4lKJYtDx0nL1mE.,0,Stevie,Stifflemire,stevie_stifflemire@stifflemire.co.uk
yunpaletta3,$2b$10$VsS7F3ATPRNbFurPT6iLPuBR93.Hsb0Kc/X0rDcHoxoMlMRV1oS5W,0,Yun,Paletta,yun_paletta@paletta.co.uk
bthurm8,$2b$10$nO931AzWNtq2S/QIKHXT1u5LurEfwz9LmETu7gPp5wDDueWDLcICu,0,Brittani,Thurm,bthurm@yahoo.com
billyvenusI,$2b$10$GWGR7VsCx8/tYo3upgXjGO57fzfJJ9D3W3Fas3Jb9mnl372qX/4We,0,Billy,Venus,billy.venus@yahoo.com
brynnz,$2b$10$/lbqbv2QWmsuBS53H0rnGO8g3hIXAmJcfK1cslGpQod6vIobCIG8u,0,Brynn,Elkan,brynn@yahoo.com
epiehlery,$2b$10$XwNlfv/cFW6wZiUjLjf2/eaj5eXqOSObykiiPvPmj36U7IPp7.tAC,0,Elroy,Piehler,epiehler@piehler.co.uk
ashulickw,$2b$10$vfu04yJ8mhgyB9PydF8guO/8Ha2rsd/az7bRWuoDQrzICutrCvbOi,0,Anisha,Shulick,ashulick@yahoo.com
bettinakhamE,$2b$10$NPn5x7XiVl7qqbFv8gEgU.AP9OrqrnmRyV7ssHJ5YIyW3aHKKhM2O,0,Bettina,Kham,bettina.kham@kham.co.uk
veldamancillam,$2b$10$XOzzHtktRDIqooPSmODeaOPCYIidh1n5QqjGqBl5dxYM1zWMHRQ7e,0,Velda,Mancilla,velda_mancilla@mancilla.co.uk
martabracex,$2b$10$mcgUupuEKYhn5iGyPHHgCOmAPosc/C4n1Zg89qJ.kL3qgaPZ4nuum,0,Marta,Brace,marta.brace@brace.co.uk
juanvanwyheV,$2b$10$hE/50gA81l1txzl6hP4XjeREwKL8D/r3dHbf5SdPX0lMF960teS/W,0,Juan,Vanwyhe,juan_vanwyhe@gmail.com
leliafilion9,$2b$10$jtwtiW/JuFgWAtRgbrA9luD52oFnEJ5jw8Qz9PWF4K.PeJ./tepM2,0,Lelia,Filion,lelia.filion@filion.co.uk
ufrankelL,$2b$10$rkXdHwyiz0cM6hxfpYejDeuD7o8RIRKENKEMWy/0s1xdqwJXNWq5.,0,Una,Frankel,ufrankel@hotmail.com
evajoulwan6,$2b$10$l/Kg3P6UXtUklQL4x3rq0O9F6zya2koXnd4w3DL44S.gUhr1558SG,0,Eva,Joulwan,eva.joulwan@gmail.com
mammiedormanenf,$2b$10$pDjTRBkeL6CpbfCuS3zitunftFJifqR2nJOY2kWraB2EYS3v40c5y,0,Mammie,Dormanen,mammie_dormanen@hotmail.com
jeannettacoolidge5,$2b$10$smbCuuMj27yqsvTOGMm/ruJDCc4YH1rvAcQVAOTvzl1e1EnsK/9P6,0,Jeannetta,Coolidge,jeannetta_coolidge@gmail.com
edrawe1,$2b$10$upySQu8zztigEv7MVrySvueqqHBqTt2z./606yxBZfBBJwC371/pO,0,Elbert,Drawe,edrawe@drawe.co.uk
lennygazzolaH,$2b$10$FUstffaeEJysPIXfkKlsJOptDbUM46Nmqisv/A1BiOZQKJK6VYltC,0,Lenny,Gazzola,lenny.gazzola@yahoo.com
miraalpheausS,$2b$10$eE3Uy9n0qIvPwljmVpTZeuJGCtbhsDCAunGzT2bxdmM0ozdWFzJIi,0,Mira,Alpheaus,mira.alpheaus@yahoo.com
cathernungarG,$2b$10$Rfe1rwYegeP1tj0SZcb62e9945E2hATVZt0bjpagYAig15JOGurqy,0,Cathern,Ungar,cathern.ungar@ungar.co.uk
malcomflecklesk,$2b$10$RtUX1XFc0tupSy3DQzUk6.V..fU1xO1dpHVCiXTvwZeB/RgvJVvx6,0,Malcom,Fleckles,malcom.fleckles@gmail.com
mdamatoR,$2b$10$r7C5BMT7DVViSKi1aCvMR.ErUYI0IsR/tu72m4DWYNZMqNL4JczXu,0,Monroe,Damato,mdamato@damato.co.uk
lfletchenS,$2b$10$AAq9.ZlmBhrdi/f4YbcAsuFV7Fl6x7cUBFRmUNs5DksOvHU9IwyDu,0,Leota,Fletchen,lfletchen@gmail.com
berrys,$2b$10$dO.PeqeK/7J2YM.2BXDe4.QIKZ3Q6wP8qTCaxJ6pHWSae4Tfut7qO,0,Berry,Gutoski,berry@gmail.com
meghann,$2b$10$NX4ZtwIyCY7HS7Xk/SuOHeokgeZsi1yWl.9r/HzL1a1gUZYnx8bTW,0,Meghan,Riherd,meghan@riherd.co.uk
miketornerl,$2b$10$Xkr4UteKpjvDsLkpOXpjJ.60PFtxFEiU6K6Ynu/oUlF8BIJpld3mO,0,Mike,Torner,mike_torner@torner.co.uk
elsadelisle8,$2b$10$r1PHyMJsEUA2YYr9rqZZR.kIDFvqXpfsibuUdN4jXDIeX2JBxv3rq,0,Elsa,Delisle,elsa_delisle@gmail.com
linwoodrosenlofO,$2b$10$mjSTrzOgOfEOjgcYdVKF9.qT9LUtnWsvPqE9ecrqt5KZwnqJTgL86,0,Linwood,Rosenlof,linwood.rosenlof@yahoo.com
latoshar,$2b$10$V0fDY.pzXFKj65T9.fmgZ.mEsxHwd9q1D0rw3Fr6TyYAfB8fVeg0e,0,Latosha,Alexy,latosha@yahoo.com
alexiameenanZ,$2b$10$zk/Y1lQ1V1y.BhhJ1Up/n.kUDpdyIhuV7iVMXlE6xrs44m68YP/XK,0,Alexia,Meenan,alexia.meenan@meenan.co.uk
gstanwickr,$2b$10$NjRTPTbnl7tSKR6wdUOf0edbxF6U6KK53pBnjq5rnFuwr1IVYBSUG,0,Graham,Stanwick,gstanwick@gmail.com
elinorefuldaF,$2b$10$8AdVO.WH52D4eKtBTQ2rGub2aOkJsYkLOwuql6NggDQxxBt1iGjEO,0,Elinore,Fulda,elinore.fulda@fulda.co.uk
lcreecyF,$2b$10$dhmRE3P5oiDcgEwCFRWj/OWRjf1MXtvJQS/bj5Swxjng7MbwvlOkW,0,Lisbeth,Creecy,lcreecy@gmail.com
eloisafauroteV,$2b$10$SNsDiebeN07vtRB40EfXrOrfh4xUy/ZKS6yein9KeVtDlBZHCHEGK,0,Eloisa,Faurote,eloisa.faurote@hotmail.com
shawanaf,$2b$10$0nOC/x3BmwGzFBl2IQ4r2ehthClT41Tii.rCzMd8YnT1sGOn6AnhO,0,Shawana,Cantua,shawana@yahoo.com
alyssaansbrop,$2b$10$K.9POJM9H6ggJrIArU1jcOXyXvzKrTuXgjzxTOXWVKjUIkQpPZq9q,0,Alyssa,Ansbro,alyssa_ansbro@gmail.com
kyokomcmillianH,$2b$10$XDLBlombeyWFQ.3I98M8l.iUVwC1sSSVrmSOPHTEZ4LCKpuJ2MF5m,0,Kyoko,Mcmillian,kyoko_mcmillian@gmail.com
tgauthiero,$2b$10$Li7LPDYmBq9HDk..wAP5E.bXitHg6CjOhOFyvJ/W6ICYLnIIsjo1K,0,Terry,Gauthier,tgauthier@yahoo.com
senalangenbachk,$2b$10$2pwihO22BqNER5KHvt8dNeZeAXw0p74W3a9semuWjGZw749poqoWm,0,Sena,Langenbach,sena.langenbach@hotmail.com
cnessetb,$2b$10$nIKPWeso6XclOFAwnpKjausrmlkfEi22MU7L/Mt63E1euNE/pSWq2,0,Cristen,Nesset,cnesset@nesset.co.uk
lashawnker1,$2b$10$PHGvfG5b4uPlONRpvsYxNeKBq4f2adfgdRR21HcC2jNIw7eFZuLre,0,Lashawn,Ker,lashawn.ker@gmail.com
wadeQ,$2b$10$uDpsCbzGpIReY8skq5aLI.sjSo1tms0MQukbw4A.5Ywd9xZKPnSAW,0,Wade,Sovel,wade@hotmail.com
whitneyf,$2b$10$FG.jaEzXy8tRHLvkxFON7.fqBgVQDssHCYpTYKidCVK1Z7hV9xATC,0,Whitney,Tishler,whitney@gmail.com
dejaconatserf,$2b$10$g8Au3dVlwe0pDpyJGIN.5eT7HfO2z3WV6wDqlVAIbRXhI2QeU5laW,0,Deja,Conatser,deja.conatser@hotmail.com
earnestinecasperZ,$2b$10$HG7ls/nLRdpjQs/qAQmxZeS6xjG7FXMdAyQzPN1xI5SvIDD..7I9O,0,Earnestine,Casper,earnestine_casper@hotmail.com
fmarruffo5,$2b$10$9f.7MVhIq.8BkbSCrv9eVeNVF6UMpzXW4QvnxJrERtCIihqi8gLry,0,Frankie,Marruffo,fmarruffo@gmail.com
pdeaser,$2b$10$LGABMvd8BzSctzeAdMIDRuB3oWuikKwAA2VlUEn1DkECpOIuWxPRK,0,Paola,Dease,pdease@gmail.com
rodrigo7,$2b$10$4r/usiwGU6N/E3N/LX9nKuzcT7aN/daYmau8ASu27WQDM44sJu/SS,0,Rodrigo,Hawkin,rodrigo@hotmail.com
lutherY,$2b$10$dwfmQxtG2ywQMTK/Pj8w2.XnOIGCZuvLzoKMWkgxwayBnrEJDgGB6,0,Luther,Alsman,luther@gmail.com
caseydonderou,$2b$10$O0OqxZta1WPDhTRj/iIRkeBCQUmad4FjTUyWTqE8sWcjWm92ASGn2,0,Casey,Dondero,casey.dondero@hotmail.com
ressiebontempsZ,$2b$10$XpA.ZhzqZe23P/KexSDaMetRj8yw2dUpFIEnUFSUgTNjZcdwkWuoa,0,Ressie,Bontemps,ressie_bontemps@bontemps.co.uk
seanschurmanp,$2b$10$bxgf9pJUOpQoEycwRySnHOdKPI/YVCTkal71AM1uOMYtJHnLha6te,0,Sean,Schurman,sean.schurman@schurman.co.uk
cpince9,$2b$10$0rw4ERGZpGYn33PQIyctT.LSi0ctziZ/dNu4fDcha7PyDP9dVGYyC,0,Celestina,Pince,cpince@pince.co.uk
mairakaras3,$2b$10$Edw.HY.6ZjbxGvuJOnqO1OZvbywRIZ2PxPlJmp.Z9o76nwGYVBgdW,0,Maira,Karas,maira.karas@yahoo.com
bbarbonel,$2b$10$CHIKjvGthJ1QwL8NSVodveZQ1HlAQho5LOfE92KPkwHPCP0re/ZIq,0,Beth,Barbone,bbarbone@barbone.co.uk
weinobeli,$2b$10$zz1VARp7YFfbSvZT2Ct6juQa20M/WdmxWEI6rpItJwGrjz78VTTv6,0,Wei,Nobel,wei_nobel@hotmail.com
mslotemakerq,$2b$10$7XHIU5M//9e1ZRhK8tpkU.OBB0H6L1qV7kA131k308yHyUzQQx.Vu,0,Melissia,Slotemaker,mslotemaker@gmail.com
lethaakeyj,$2b$10$VbTyhNZH/LSTLGLYktpBF.pfUGT/R2yEnG268bFEDYQ9uvO2utMeO,0,Letha,Akey,letha_akey@akey.co.uk
isaacsemradk,$2b$10$ts14NRYEj5qjASDm7wX4o.yPaeYYBnW/Mo2cXmt7Lk/vEre3M5z7y,0,Isaac,Semrad,isaac.semrad@semrad.co.uk
kristineklipfelw,$2b$10$WRsmlqzGuFEnfocPKdlChO1hQiQXef/D/8OVVirc1/OI0XayqHsjq,0,Kristine,Klipfel,kristine.klipfel@yahoo.com
odettemoussetteL,$2b$10$nKgHresPndbbiY9ZfvvgnuknWdliJrYmKYAGhyUAlT4SbtCzkVHse,0,Odette,Moussette,odette_moussette@gmail.com
hoberta,$2b$10$LgWgLZadorEJMWyyP6r.SOzUhQGJEhA0RqrAMPYmHazDbAAl4l7ze,0,Hobert,Panfilov,hobert@gmail.com
isadoramchughesY,$2b$10$X/xsaMby63bDNPpvYiGoo.DsEjqImpF.J33jYsf0TuOfTM8SP/MAy,0,Isadora,Mchughes,isadora.mchughes@mchughes.co.uk
emilypogorelcF,$2b$10$Fmyo/DeON0ZUxXXNbquloucGwcdGaWhUIvHJwz5j0H4vEIVR9yFgC,0,Emily,Pogorelc,emily.pogorelc@yahoo.com
desiref,$2b$10$qDoBDI/H.A5rnq340Ne47OtX2mlpeUmAs2N1F231eoTXVbIZ4f0Ui,0,Desire,Barresi,desire@gmail.com
rosalindstampsf,$2b$10$UMAnpg/CJO2eaqlJ83kE7OfrPklLGkC/LMb7enb0leIEWZSq2Lghq,0,Rosalind,Stamps,rosalind.stamps@stamps.co.uk
vernelle,$2b$10$GVl5vMqby2Nfe1s4uHVZOOvYQdGUpPRPYJV/eOtii5uB4.lD1gLUu,0,Vernell,Connley,vernell@hotmail.com
michelinemathiesonJ,$2b$10$B1t.E9ixRHLtwQWqSlbPB.co4ZR3tM/xRzseLmuY7gv2omkyoPMH.,0,Micheline,Mathieson,micheline.mathieson@yahoo.com
nathanouthouseT,$2b$10$aaKadUqCfYBI1GesTXm44OyjS03tiHb.Mos3sZuRytDrM8zTdMLu2,0,Nathan,Outhouse,nathan.outhouse@gmail.com
alleneburau7,$2b$10$9hM0YNeau7hvMjOt04bZ1eJFXCsMkMVP54pNFWB/1nPpljbpx58ke,0,Allene,Burau,allene.burau@hotmail.com
julieh,$2b$10$Di6F/onaDd3mZxxjzxNdvufdZArhYUxzSraX0pgFN7RXYZcDPMKFW,0,Julie,Sakshaug,julie@gmail.com
fshuhiY,$2b$10$EQpM2UnH5KYWjQ1MEsMT5evPRbLd7hobIs.R2boAgRu9iDBztnnR2,0,Francisca,Shuhi,fshuhi@shuhi.co.uk
marishawilcoxonw,$2b$10$HJeH09c4AdGcobuiLsLTSeZbVZE0XDld/KzmdaRZpHdb8plJR78xO,0,Marisha,Wilcoxon,marisha.wilcoxon@gmail.com
telmaP,$2b$10$L.m6MAHr17jkDRAa88dT6eIosA/RLW20Avq4HJkn09R/9511zzYaa,0,Telma,Maraia,telma@maraia.co.uk
lukecretej,$2b$10$flyPDJcNmWlCoXx15H1xy.yvZrZN42ETC/eWd6mwm.x1aTC2STKMG,0,Luke,Crete,luke.crete@crete.co.uk
hubertmiasf,$2b$10$uT18ALTa8bBx7dscJvWiDuGZIbK5DxWR.nRViUw6eEFY5MHAj9dWq,0,Hubert,Mias,hubert.mias@gmail.com
jaltobellm,$2b$10$K2rYCYNS.aqvjOHhpJEumO4eOtos5tkZvaX9JRhIGOzeNcGHp9UpS,0,Janella,Altobell,jaltobell@hotmail.com
angelolavistar,$2b$10$ISpsI0fWMnJy4XOn3OnDS.8K.ipR6gQFR9in3m7O.61W1Xvw00tIy,0,Angelo,Lavista,angelo.lavista@gmail.com
tranmandiolax,$2b$10$simTcQ4p3BGzavau.7zAMuI3X53Bq4kK5ux42CBFulsavXP1ckjgm,0,Tran,Mandiola,tran.mandiola@hotmail.com
reynaldap,$2b$10$6CdG.ZiLYcyP/SZlyGJf4eQpqFI59lCdItqdimpA6Sg6yoPFGxVeq,0,Reynalda,Vanhooser,reynalda@vanhooser.co.uk
salleyrieger8,$2b$10$/uCjGVFum5/92hHMqejpU.x2L3p/A3590dwZGBNYLU6bGfJ2qW/ca,0,Salley,Rieger,salley.rieger@gmail.com
cheryllyuriche,$2b$10$be7XuH7Z24K6DsWlaBIa.eAu0q8Jeo3gXgDgY8WEHyN8GZLMJvuOK,0,Cheryll,Yurich,cheryll_yurich@yurich.co.uk
cristaj,$2b$10$o1l9jEwKuC9svKM8SRC52ur.EeWesb7l.MAWcVIKgUK962.4ACFgO,0,Crista,Viengxay,crista@yahoo.com
linosutulovich4,$2b$10$ijc9gY.KC1pq7RsTW585oupWXinTi7C1m8KE0g3iIGoTxo2LhW/me,0,Lino,Sutulovich,lino.sutulovich@gmail.com
galenwendorft,$2b$10$UcRBqCLnjGa1ogmiIFBCZ.WxXSXyJH5qX7AMGm38dU.zC/7rcyRzG,0,Galen,Wendorf,galen.wendorf@wendorf.co.uk
gilbertlangaricaf,$2b$10$eRFmF4sia8VPjDgUCAdHeeOKlzHhCbda16xewDTMIxCeCm1rE5RWu,0,Gilbert,Langarica,gilbert.langarica@gmail.com
whitneygoossen8,$2b$10$.XoS.YYFYGquhUfJ8zI/Le7ykcdAWzKJRJ//QgcOpKLezsZJ1GK1O,0,Whitney,Goossen,whitney.goossen@hotmail.com
socorroabrahamsk,$2b$10$7D6PHHoxh.XGM9i9pCy3kOJY4Ut3oyoNeTRplQtPCgVz5ooeiUyne,0,Socorro,Abrahams,socorro_abrahams@abrahams.co.uk
mflamV,$2b$10$yCIMmNDdg1Ozqlzm66S81uju4rKYy5MwDydjt1qAAuu8Ee6cwdj2a,0,Mauricio,Flam,mflam@gmail.com
paloie,$2b$10$5SWrdWTGCBVUg/oCo1o4AuV91feVXL4g5m8ZrcCDuhGUHSyoWaorS,0,Phillip,Aloi,paloi@hotmail.com
gerixonl,$2b$10$WNsFfYbacOi9BLnBbIS/luIHMFS6kEeMjc7d5nhrEH81VpEzBE5mS,0,Gilberto,Erixon,gerixon@gmail.com
thadpuskarichT,$2b$10$5/hK9E8zggLT8QgVfIwOA.tJ3na504uP4Y5betAN31IkKtmCe0Tt6,0,Thad,Puskarich,thad_puskarich@puskarich.co.uk
bambifavaronD,$2b$10$E31cMX0a4r2OTEcgdjEHS.QOJCle12cjKYFv9VJ1w/YqvnLCxo4o6,0,Bambi,Favaron,bambi.favaron@yahoo.com
marshallp,$2b$10$W/mn2A9Kk.wE7JRUMa7HauKW2PrkDsRRo83mXpYuWb96iqfAmPuA.,0,Marshall,Kozikowski,marshall@hotmail.com
cwiederinI,$2b$10$11cuoRNvWq6k0Y2Re.gNZeWi/RSddwa1dQsXZ/2KD3CsPUr3iiHx6,0,Chery,Wiederin,cwiederin@yahoo.com
eileenn,$2b$10$egzLtR23kV.Nna0qp6edCe/PJD2J3e1p/io835flf7fH252FBued2,0,Eileen,Montecalvo,eileen@yahoo.com
melitaszpakq,$2b$10$1UEMUQQUrOSYwCs7v4Gg2uJFWoykgtYP1PsEC077tRarG5OzML0cG,0,Melita,Szpak,melita.szpak@szpak.co.uk
ashleyjessieE,$2b$10$5FnJ18RRS6zJl0itjE0M8uu.YtZP/oGiEG687r4ZDa44Y2z8Tjasu,0,Ashley,Jessie,ashley_jessie@jessie.co.uk
lfendn,$2b$10$.kiZGTwPxgRaSHym.hSBAuDdZG9Wh2ppB4qexjmdXtjuoeiB1Vdyq,0,Laila,Fend,lfend@gmail.com
bguillereaults,$2b$10$ZMfK20QEY8Ur6uHX4DJiH.T4HZv5XnjfUkjnwk02.5VHBNSs7Jqa2,0,Bobbie,Guillereault,bguillereault@gmail.com
dpaluszynskif,$2b$10$a5IUyXHbgxcM/cuz7CdnieZkrxqF9p19XHrgEs8wBB/e36YGjxRzy,0,Dana,Paluszynski,dpaluszynski@paluszynski.co.uk
freidanewyearw,$2b$10$YRrAQb3qPdLsFa8T7/5hlOGiq0UPsizwg0o6TBcmii4k78N8Q8jzi,0,Freida,Newyear,freida_newyear@yahoo.com
vcellucciG,$2b$10$XwTZUSFf0G7nZbHbECuzquLezOAa08oxReSt8yFaxPR/2LZkbxdBS,0,Val,Cellucci,vcellucci@yahoo.com
horaceknapp2,$2b$10$JJMMXNMwmOMUD3kbMUrFHeYZXl0xxY1k78q7guqrcsKVQmUCC6lKq,0,Horace,Knapp,horace.knapp@yahoo.com
jreineckeA,$2b$10$YuR/E8KdZDBxRWmns3/N8O1qmDuavZJ6NBw6tFHbYYKDKUis6JLTm,0,Joana,Reinecke,jreinecke@reinecke.co.uk
tiaraschlichterF,$2b$10$kkFcDvmsxSAT4V7B.WZ1fuQWmj2GOPK3Woqu.XqiuVXGYQdYXdnc2,0,Tiara,Schlichter,tiara_schlichter@schlichter.co.uk
daciaswaisgoodw,$2b$10$VCb8fXXwWkfbNEDlT.0Jze4c3m8oJID8FJe5E6qUaj8CHMpvJCoi.,0,Dacia,Swaisgood,dacia.swaisgood@swaisgood.co.uk
mbabineauxC,$2b$10$tXuv/XRGjyzdK1wsNHxOTeESCDY7tWqQVkioWuF8BLTKR08Uo2MDu,0,Myong,Babineaux,mbabineaux@babineaux.co.uk
genebleileE,$2b$10$Ef6RmWrrtoByajisGuikWO1FDtavGWS6XRZDOBTKhUON6nstFE9ty,0,Gene,Bleile,gene_bleile@bleile.co.uk
kanisha6,$2b$10$VvxGK5f7w6OmekmSkvJUyef8L5bIytbZOnpKFODSIrkpYi6W0qGTi,0,Kanisha,Difiora,kanisha@gmail.com
ayeshaw,$2b$10$SlEyr.3w7IwT8c217CfSCuoavqC9IXsGwBemIrMYR9szvroU5QEs2,0,Ayesha,Moeder,ayesha@gmail.com
laniesmalarzY,$2b$10$HZtZJpaqQSw9xq7Wnnj/yuRCBGqPk16sjj.MZnrV3XtItxuSi6pk2,0,Lanie,Smalarz,lanie.smalarz@yahoo.com
jpolintany,$2b$10$M5wqJos73vssqK1vQO99WOOaHAi7JTKmtrEr5CNO3oQyppYd2W7p.,0,Jaleesa,Polintan,jpolintan@polintan.co.uk
tamekiaflotowN,$2b$10$ZvvuBvmLLgJ6Z4V/p/nTZ.wtxTQOy9vCzrXQCYK7.SJR75McxHMJK,0,Tamekia,Flotow,tamekia.flotow@hotmail.com
ulaW,$2b$10$0q8QSzfdCP1mh1bb1a6D/eHc7fZVJix7t8bJlyGNOK8hMXMj7OeL6,0,Ula,Otey,ula@hotmail.com
rratelt,$2b$10$auHlTotcyvadg2x8eAGdwOwvewk9kcfmo8oDrE8nnnaiBC2FTgfme,0,Rosendo,Ratel,rratel@yahoo.com
tlintnerj,$2b$10$UeAg9g6JVB/xehC7xvOim..uYiTUqHa54S3ugSiwzS0VJWAMUDCOO,0,Timmy,Lintner,tlintner@hotmail.com
zitaspeltz8,$2b$10$NYMmbY2ry2pC4MmzN7q9Gu2/F/yQSxo142wIgOcXbwbXYJH8Q5NXu,0,Zita,Speltz,zita_speltz@yahoo.com
aleishalemmg,$2b$10$AxL7hsAmNezqfDIeUSWxvOMEKYe0a5T14j11mX.HB0ZYxCzGD57ma,0,Aleisha,Lemm,aleisha.lemm@gmail.com
naomilavezzob,$2b$10$cGzuM.Fr2YQQ2q6JfOt9ze8OoATyKpuaOllprX7WGmYL8niVM6WPu,0,Naomi,Lavezzo,naomi.lavezzo@yahoo.com
arethaC,$2b$10$ntdo5ffaVF4e4dk/Yd5W8erYZnO7RJW545Gc03vZ11oYh7ZmxmlX2,0,Aretha,Bowling,aretha@hotmail.com
milafigueraj,$2b$10$Hcs7t2/DghlhfO5vvSZy4etjTBjiWeuUYHQ.pOKPFuFS8ESUNErcK,0,Mila,Figuera,mila_figuera@yahoo.com
orvillezuehls,$2b$10$wh7FsDXRHqhxzVpRPUpkeOH92qxp3DXxbjkIC5fUXhVih1.gF/7/.,0,Orville,Zuehl,orville_zuehl@zuehl.co.uk
gabrieleB,$2b$10$/eBFvIAycEnDj1UKwNUgUO/bMr2rQMWYggjDMLDygeXM3.3vLPpUq,0,Gabriele,Geschke,gabriele@geschke.co.uk
karaE,$2b$10$DpyYNWBVR.SCVDP7YHc7FOH.r5TArtC94NZGE65fEWprsbcDmevZC,0,Kara,Jaquish,kara@yahoo.com
kennyD,$2b$10$yPqegXmNz6fvt.rNraA5zuGlpHQCpGZu3/05Fdqq39S2s1hZ98VlK,0,Kenny,Lin,kenny@lin.co.uk
vashti3,$2b$10$0HZXP6eKHuAxZ1Ptx5PzkeZ9CNy4/5ABvjZ3FMXXRLYFW56JN/h.q,0,Vashti,Sugai,vashti@gmail.com
jordanhandsakerj,$2b$10$rVnHW1KCbyFtGWnXtOfIk.0UZaAgkRpyVclX5Nrk3Zj6jop.7Imj6,0,Jordan,Handsaker,jordan_handsaker@gmail.com
carisadegenhardt8,$2b$10$jBu20bvdK9IcOtptWE04eexvC90W8p1vBRDUd6vW76cKy8P0RBJ.e,0,Carisa,Degenhardt,carisa.degenhardt@degenhardt.co.uk
adanaherE,$2b$10$pqrf2QY4qUx/Jaeka4nn6OVz1fHyhsjm2o5/KeRnWWNuDqYfhDM66,0,Audrie,Danaher,adanaher@yahoo.com
shaunnarodamis0,$2b$10$rDjv/ZuOPTyScUQ852kLfOnuGLHKQ9K8qiv5cfirDzOH1hCYTLyU2,0,Shaunna,Rodamis,shaunna.rodamis@yahoo.com
coleenlanger8,$2b$10$THh.akQa6MGb3olrwmkTs.NQMotWdqt3aVm2IClMf7IzA.NJJySty,0,Coleen,Langer,coleen.langer@hotmail.com
katie6,$2b$10$KBBdx7eIX2s9pifFnqUeouz2Y1PGwKke3CvEY84R6CRMIU8HSSPXS,0,Katie,Choinski,katie@choinski.co.uk
dbrauu,$2b$10$qWjD1ODAkummVLN/4xVvmuJC.U7oPD4y2lj5KG7cn88NwKqBuP6zq,0,Dannie,Brau,dbrau@brau.co.uk
adonno,$2b$10$MkEMuB3CQNTvOtTesegPDOrXzBGXfdsuCP/yLkM45Qy/8J77YZ1/W,0,Ashanti,Donn,adonn@yahoo.com
madalyndubberlyf,$2b$10$X1Lm0wmCPagZGKfFFQEYaeQ3PrH0surIhb4txO2.yfdiShcp72wne,0,Madalyn,Dubberly,madalyn.dubberly@gmail.com
santosw,$2b$10$TAYC5ggb5oxSM1InAGJ9/OY5Wk9pG4ydew6DfFRaJ8x9isk7ZEv6K,0,Santos,Signore,santos@gmail.com
alycef,$2b$10$hFEZx1CmaJ4cme95N7If3u8bJzlaSMI1bseAhAjFx.75yrYniQGuu,0,Alyce,Flamino,alyce@yahoo.com
peroh,$2b$10$5ggNy4ZVEO7eu0XSA3ibeehqxfwzGx9AeXfWIgB33hCcpJ0U.IxQ2,0,Pearly,Ero,pero@hotmail.com
cherrienitschkeI,$2b$10$pmu3MgPAqppSst0iMkm62eE.nutlGb6ed1SFCMvhd/OAv3MuxaNRC,0,Cherrie,Nitschke,cherrie_nitschke@yahoo.com
maiashadds,$2b$10$XYyXtq1TKTirbCA0HeOb9OxmzISUsDTRr.GXhpKpV6hRuq5jhkTG6,0,Maia,Shadd,maia_shadd@gmail.com
edwinlogghes,$2b$10$/SwCdN6CIna7poC3hUWnP.622YS0jTIBtD3K9mMObdfzMzq/R2dgq,0,Edwin,Logghe,edwin_logghe@hotmail.com
lsemenzaq,$2b$10$YFQvrygJrJfmaXIu6ZPFOOj.3BxMZbgXEhaeKcK7ISxEqBHQZmd8y,0,Leigha,Semenza,lsemenza@yahoo.com
walkerseeger2,$2b$10$BTdhlfkxadYPmhLOMI.I6u3A5H0c9mjvwosvLHSoATQTqlTy8vwVy,0,Walker,Seeger,walker.seeger@yahoo.com
nakitarodriguesp,$2b$10$Wi.CgZTgMqym6qjmYSGeg.wbbvM7hYAFecNg4ZPeQ/U722UnC12Bu,0,Nakita,Rodrigues,nakita_rodrigues@gmail.com
kozanev,$2b$10$O25HtGKi/D36jSnJVdsgD..hYk1BDKZrCdc8XKrnRtzIkaI32cx2a,0,Kattie,Ozane,kozane@gmail.com
lsuiten,$2b$10$ZTWTllzZzHfn7KBNf6aOkOIc9XvBjlIntrm2J/8ph/KrnoC0/Rk5u,0,Lamar,Suite,lsuite@yahoo.com
julianauken8,$2b$10$VDJHzbFwDGW9tm/0BF0mwOPUontNXaIF5rLyly1HKlNqjW5D5Pxau,0,Juliana,Uken,juliana.uken@yahoo.com
chana,$2b$10$j6gIQTKn.217Xcqiy2pdheJsOiqCogmLDgqN.8FMD0CDq.lDduRLK,0,Chan,Loftin,chan@gmail.com
delphadetamoreG,$2b$10$Nx7.quAEg2aGOMIICMCjbOHLp4wyOR/UEGlWb1xZ.bpxKURTPRVPC,0,Delpha,Detamore,delpha.detamore@yahoo.com
floydtivisO,$2b$10$VhrSUBSvlRdCAMtWqDbjW.w2SBJ9f0gQT1dNF1v4ZkX0pYeVHVViS,0,Floyd,Tivis,floyd_tivis@hotmail.com
chantellbesong5,$2b$10$xfXXW.96GJz73ap3ewMnxuI.vN/NSbEFcnOn/AkLFxI/xbxsAm89y,0,Chantell,Besong,chantell_besong@gmail.com
mfonuaN,$2b$10$DqI28jpR8bbCsOrD/fzITuYMH6sss57TUVR2Vpgq3OFxuwGQgsndG,0,Martin,Fonua,mfonua@yahoo.com
hyunH,$2b$10$U.Uqt9/lbFZqB4bmL4FJE.oiMCf3Cl9NGA5uZyIYI8f0SepFWxvkO,0,Hyun,Erdman,hyun@gmail.com
nadaD,$2b$10$W3m9IR7yNpGJkwWNRlZ9Uu3d0jhLbZ71ZrHqwiMTQtRFNjfwd9V9u,0,Nada,Arey,nada@hotmail.com
elizabethV,$2b$10$Ow/bsu74xL5QQze7mVZUpOh5LZHaFh.mwyXfGWlJ963Fvvz/U2eR.,0,Elizabeth,Pata,elizabeth@gmail.com
dwashmuth3,$2b$10$qzC4UxZJNVDSi2qMTuxNU.NJxXTRht4Xo57.cjp5Htilu1eCD6xma,0,Dominic,Washmuth,dwashmuth@hotmail.com
alisepackebushQ,$2b$10$QteHWqnmCu9xA9Uc7IlBNedo6oXS1q.N1x6qogiAYwys1uv0wra/2,0,Alise,Packebush,alise.packebush@gmail.com
flobardsleyU,$2b$10$LVMKecfu2IrHZDcuXeJtTOxp9QA2duuFk4oCPNZY1RQz3GpQFCzSC,0,Flo,Bardsley,flo.bardsley@hotmail.com
bsandblomL,$2b$10$ghSp337afWd/1VUe3tMc/..OduSEuaVi.Axz4DAsZZeSHh65rFBNq,0,Bonita,Sandblom,bsandblom@gmail.com
royalrushB,$2b$10$MFvqSYMZIREDiUVBSk0Use7vckCrhQ0elIorsN1TVj1xlMuuw99/G,0,Royal,Rush,royal.rush@yahoo.com
erasmotalentino7,$2b$10$w3eZfHb2fwd8f3qCCIXy5eq1VgT.YBmTGrzl70y/FZ/tzoNuRSL4q,0,Erasmo,Talentino,erasmo.talentino@hotmail.com
msmebye,$2b$10$VSTAI30CbIyUiZp/foPbRudSigyHuGyV8kVbwBzEdgnjuXVTYlxj2,0,Mari,Smeby,msmeby@gmail.com
eleonoraM,$2b$10$hKRcIjKpkvmTUKs20CFbKu3P./5yI40HIZrSLpNf68XgAjpZ24WD.,0,Eleonora,Ventry,eleonora@gmail.com
tshirakiS,$2b$10$R8dW1gyUPXphkTtiOPW6eeamoIFxdqLJfV9TyFLrbho44PowBzXda,0,Therese,Shiraki,tshiraki@gmail.com
rodolfoscavuzzoG,$2b$10$/yaIGq.ogJt/Q51rxVtgN.fHmYQ1euLlKZQPgt22e.tQihFEUEU3q,0,Rodolfo,Scavuzzo,rodolfo_scavuzzo@yahoo.com
cruzD,$2b$10$S6CeDpBBd3bjwHnHZQ6wT.rZx.PBO2DlWI6YF9JPJhn1hTmEGgUBO,0,Cruz,Fanelli,cruz@hotmail.com
arlynedellingero,$2b$10$l/4A.nA8u5tv3ZfOyxV10e99hl9vaKrBrJsRcdK943bBYiaPGf0a.,0,Arlyne,Dellinger,arlyne.dellinger@yahoo.com
edwardstrejanV,$2b$10$LF0mO.2RDOwPqp3gDQ3atuDOxl.SSPDqt2M/XKxIcyhEdFIWC51Be,0,Edward,Strejan,edward_strejan@gmail.com
christoperg,$2b$10$AKu0BWkZ7LrRI1YkFL6EYeS2w9Q3y17zUdaEtvGGE6zrpE.I/Gp8a,0,Christoper,Sheneman,christoper@gmail.com
meldacolamarinoN,$2b$10$.Q8Y4mReU1HUcdNtUW0MB.bZxCfqwP.mZzVNOrfjWdea/lDeIFbia,0,Melda,Colamarino,melda.colamarino@colamarino.co.uk
margotpeayB,$2b$10$I.cWWkzNgNAOEzUJqYBPx..OxUTPTjv6q.6Vxmy7JwW2dF4Nc6DV.,0,Margot,Peay,margot.peay@yahoo.com
gdrozdenkoj,$2b$10$qAx/GNRua2bCokB/YFPtqOFvYrz.czC8C0XMiFPBbtYN.29uhNjAC,0,Gerald,Drozdenko,gdrozdenko@yahoo.com
tomokoz,$2b$10$EkwtpAipRriuRHM0hPpl2.PccNpaj0l3QiR2aK.f09YPSR0tzHjUu,0,Tomoko,Renno,tomoko@renno.co.uk
mendywassmannO,$2b$10$C3rMBKg3U0DlQO6aR4k44.ZYsqvrbioXlAG89ptiPcO1UAbqnwHZK,0,Mendy,Wassmann,mendy.wassmann@wassmann.co.uk
dhilcheri,$2b$10$2tVT53k0n3XOQjEBE8VM8OWnvQVvwi8b9NJPTwXamBtGagPo5EBNO,0,Daryl,Hilcher,dhilcher@hotmail.com
tfeebackJ,$2b$10$17tk7EGkQ/qYXvPRxLLL8.Du4wyuQahfzrPou2a./G2fk7HpnpTx.,0,Ty,Feeback,tfeeback@gmail.com
kingvanacore8,$2b$10$FtvRJEUbckNXrhiQHn/ULed2YXkjq0QU8O2dVs/8i3gDGHU/g3DnW,0,King,Vanacore,king_vanacore@yahoo.com
ivarnadog,$2b$10$LqjjDm5beQ.Ag.mQq68za.nWq7kqjR8bHaQ9wA0C0ETbu2zyFMyt.,0,Isidra,Varnado,ivarnado@varnado.co.uk
tdriesengab,$2b$10$L17WpBSdszaeBCrW0M6P8.M0cvk49/kdV/ji6rp0PDj9c1xWnWqVq,0,Tonja,Driesenga,tdriesenga@driesenga.co.uk
shaquanaX,$2b$10$ke7lXLcxhDyHCTS2fdvzfec5idciCayYbB1ItqZHxKabx4CJtPmkS,0,Shaquana,Featherston,shaquana@hotmail.com
gfeaginsC,$2b$10$EFAPMNyriTLm34z8JZuTNurKQlI69hKV1X7mwkf9IDdZqAjfcZkt.,0,Gilberto,Feagins,gfeagins@gmail.com
rfaehnleM,$2b$10$uBpEuEohBLqM0wnY7p5BEeej1yquc4fBZbZQjEBC8CoP0mxmPPY/q,0,Rex,Faehnle,rfaehnle@faehnle.co.uk
adolphcunninghamp,$2b$10$1icLBef8WDBpcUSqriE3WeaxzPUOZkLhfTuHyf2ygSwpWPuUpvdhu,0,Adolph,Cunningham,adolph_cunningham@hotmail.com
queenleaderm,$2b$10$BEJVKfITjhKuQxHvVOA7FO62o6bt1xy9.N4lOyt5ScR7EC0G4/c0K,0,Queen,Leader,queen_leader@gmail.com
vag,$2b$10$GtzWkj3G3NX1/gC3WVb8eel1JXL8Hy.IzHq6g9gha1yEHpcB1jWB2,1,vangelis,,
nickzpower,$2b$10$TQXTO7cf6UuWNW7BHByuJ.hrx9f5TUd63S8jnAefJnWa6LCbHf.Q2,1,Nikolas,Zervas,nickzpower2@gmail.com